order_id,customer_id,customer_name,email,age,city,state,product_category,product_name,quantity,unit_price,discount_pct,order_date,payment_method,order_status,total_amount,rejection_reason
746,1435,Sophia Smith,sophia.smith1435@example.com,57,Denver,CO,Electronics,Smartphone,2,1108.97,20,,Bank Transfer,Completed,1774.35,INVALID_ORDER_DATE
21809,3167,Evelyn Johnson,evelyn.johnson3167@example.com,46,Atlanta,GA,Sports,Yoga Mat,5,292.86,15,2024-11-16,Bank Transfer,unknown,1244.66,INVALID_ORDER_STATUS
44530,9097,Sophia Wilson,sophia.wilson9097@example.com,79,San Diego,CA,Clothing,T-Shirt,3,1178.79,0,,Bank Transfer,Completed,3536.37,INVALID_ORDER_DATE
32372,2309,Olivia Williams,olivia.williams2309@example.com,71,Dallas,TX,Books,Python Basics,5,289.97,20,,Bank Transfer,Shipped,1159.88,INVALID_ORDER_DATE
62595,1785,Harper Williams,harper.williams1785@example.com,65,Houston,TX,Home,Air Purifier,4,579.7,0,,PayPal,Completed,2318.8,INVALID_ORDER_DATE
74154,16989,Ava Thompson,ava.thompson16989@example.com,41,Dallas,TX,Sports,Tennis Racket,2,271.39,20,2025-07-27,PayPal,unknown,434.22,INVALID_ORDER_STATUS
23799,3790,Sarah Brown,sarah.brown3790@example.com,22,Denver,CO,Clothing,Jacket,3,93.27,0,,PayPal,Completed,279.81,INVALID_ORDER_DATE
16759,10293,David Martinez,david.martinez10293@example.com,68,Miami,FL,Home,Vacuum,5,851.32,0,,PayPal,Cancelled,4256.6,INVALID_ORDER_DATE
33189,8952,William Anderson,william.anderson8952@example.com,42,Dallas,TX,Sports,Yoga Mat,1,1151.02,5,,Bank Transfer,Returned,1093.47,INVALID_ORDER_DATE
10559,4453,Harper Rodriguez,harper.rodriguez4453@example.com,80,Boston,MA,Sports,Yoga Mat,3,1026.17,0,2024-01-07,Bank Transfer,unknown,3078.51,INVALID_ORDER_STATUS
13038,3718,Mia Davis,mia.davis3718@example.com,75,Philadelphia,PA,Clothing,Jacket,3,1362.31,15,2024-05-14,Debit Card,unknown,3473.89,INVALID_ORDER_STATUS
51436,11511,Daniel Martinez,daniel.martinez11511@example.com,40,San Diego,CA,Electronics,Smartphone,4,1393.78,0,,Debit Card,Shipped,5575.12,INVALID_ORDER_DATE
19256,2197,Thomas Martin,thomas.martin2197@example.com,34,San Antonio,TX,Home,Coffee Maker,2,852.31,0,,Apple Pay,Returned,1704.62,INVALID_ORDER_DATE
95042,17615,Isabella Wilson,isabella.wilson17615@example.com,57,Atlanta,GA,Clothing,T-Shirt,5,35.18,10,,Debit Card,Processing,158.31,INVALID_ORDER_DATE
38040,1153,Joseph Martinez,joseph.martinez1153@example.com,69,Houston,TX,Electronics,Monitor,3,623.16,0,,Apple Pay,Returned,1869.48,INVALID_ORDER_DATE
73396,15997,John Perez,john.perez15997@example.com,52,San Diego,CA,Books,Data Engineering 101,2,1279.41,15,,Credit Card,Completed,2175.0,INVALID_ORDER_DATE
58138,12811,Sophia Jones,sophia.jones12811@example.com,36,San Diego,CA,Electronics,Smartphone,2,1028.25,0,,Bank Transfer,Processing,2056.5,INVALID_ORDER_DATE
81061,15877,Emma Anderson,emma.anderson15877@example.com,19,Atlanta,GA,Sports,Tennis Racket,1,1174.56,5,,Apple Pay,Cancelled,1115.83,INVALID_ORDER_DATE
42149,12524,Thomas Miller,thomas.miller12524@example.com,19,Atlanta,GA,Books,Python Basics,5,1378.96,15,,PayPal,Completed,5860.58,INVALID_ORDER_DATE
95737,7535,Robert Williams,robert.williams7535@example.com,31,Miami,FL,Books,Python Basics,4,768.58,5,,Credit Card,Completed,2920.6,INVALID_ORDER_DATE
91216,2350,Olivia Brown,olivia.brown2350@example.com,60,Miami,FL,Electronics,Monitor,5,731.95,15,2026-05-09,Debit Card,unknown,3110.79,INVALID_ORDER_STATUS
82395,5558,Evelyn Anderson,evelyn.anderson5558@example.com,76,New York,NY,Books,Data Engineering 101,3,415.94,20,2025-03-22,PayPal,unknown,998.26,INVALID_ORDER_STATUS
68063,7853,Daniel Jones,daniel.jones7853@example.com,42,Phoenix,AZ,Sports,Running Shoes,4,365.0,10,,Bank Transfer,Returned,1314.0,INVALID_ORDER_DATE
16365,17720,Emma Smith,emma.smith17720@example.com,80,Los Angeles,CA,Clothing,Hoodie,3,322.22,0,,Debit Card,Returned,966.66,INVALID_ORDER_DATE
5490,6529,James Perez,james.perez6529@example.com,46,Austin,TX,Books,Python Basics,5,1412.57,5,2025-05-02,Credit Card,unknown,6709.71,INVALID_ORDER_STATUS
14923,5301,Evelyn Jackson,evelyn.jackson5301@example.com,48,Atlanta,GA,Books,SQL Handbook,4,1098.97,0,,Apple Pay,Completed,4395.88,INVALID_ORDER_DATE
49537,11335,Sarah Jackson,sarah.jackson11335@example.com,57,Dallas,TX,Home,Coffee Maker,1,966.92,0,,Bank Transfer,Completed,966.92,INVALID_ORDER_DATE
41924,11591,William Taylor,william.taylor11591@example.com,34,Seattle,WA,Electronics,Headphones,2,80.51,0,,PayPal,Completed,161.02,INVALID_ORDER_DATE
25905,3107,Sophia Brown,sophia.brown3107@example.com,25,Philadelphia,PA,Home,Desk Lamp,2,1305.17,0,,Apple Pay,Completed,2610.34,INVALID_ORDER_DATE
61500,12416,John Moore,john.moore12416@example.com,25,San Diego,CA,Home,Air Purifier,3,273.98,5,,PayPal,Completed,780.84,INVALID_ORDER_DATE
61085,12453,Harper Wilson,harper.wilson12453@example.com,74,Seattle,WA,Sports,Yoga Mat,5,807.91,0,,PayPal,Completed,4039.55,INVALID_ORDER_DATE
16402,4362,Daniel Williams,daniel.williams4362@example.com,21,Los Angeles,CA,Clothing,T-Shirt,2,108.35,0,,Apple Pay,Returned,216.7,INVALID_ORDER_DATE
56618,15953,Sophia Lee,sophia.lee15953@example.com,39,Chicago,IL,Clothing,Jacket,4,815.58,10,,PayPal,Completed,2936.09,INVALID_ORDER_DATE
67465,6942,Daniel Johnson,daniel.johnson6942@example.com,26,Los Angeles,CA,Books,Cloud Fundamentals,3,851.24,15,,Bank Transfer,Completed,2170.66,INVALID_ORDER_DATE
42630,12919,Emma Davis,emma.davis12919@example.com,77,Dallas,TX,Home,Blender,3,1068.39,0,,Bank Transfer,Returned,3205.17,INVALID_ORDER_DATE
18959,10623,Daniel Thomas,daniel.thomas10623@example.com,37,Austin,TX,Books,SQL Handbook,2,1454.59,5,,Debit Card,Returned,2763.72,INVALID_ORDER_DATE
26941,5690,John Martin,john.martin5690@example.com,36,Chicago,IL,Electronics,Laptop,3,991.97,5,2025-07-12,Debit Card,unknown,2827.11,INVALID_ORDER_STATUS
4788,8858,Olivia Thomas,olivia.thomas8858@example.com,47,Phoenix,AZ,Clothing,Jacket,4,414.07,15,,Credit Card,Returned,1407.84,INVALID_ORDER_DATE
61311,4505,Amelia Williams,amelia.williams4505@example.com,42,New York,NY,Home,Coffee Maker,2,969.6,20,,PayPal,Completed,1551.36,INVALID_ORDER_DATE
73226,5881,Harper Wilson,harper.wilson5881@example.com,34,New York,NY,Sports,Water Bottle,5,314.02,15,,Apple Pay,Cancelled,1334.58,INVALID_ORDER_DATE
30085,3441,William Williams,william.williams3441@example.com,23,Houston,TX,Sports,Yoga Mat,3,1214.11,20,2025-09-13,Credit Card,unknown,2913.86,INVALID_ORDER_STATUS
17004,10257,Thomas Thompson,thomas.thompson10257@example.com,55,Chicago,IL,Electronics,Laptop,1,1262.69,0,,Bank Transfer,Completed,1262.69,INVALID_ORDER_DATE
51693,7273,Mia Lee,mia.lee7273@example.com,54,Austin,TX,Sports,Yoga Mat,1,257.63,0,,PayPal,Completed,257.63,INVALID_ORDER_DATE
74126,6845,Mia Thomas,mia.thomas6845@example.com,34,Seattle,WA,Home,Blender,1,1302.25,5,,Bank Transfer,Completed,1237.14,INVALID_ORDER_DATE
27924,5832,Sarah Moore,sarah.moore5832@example.com,39,Boston,MA,Sports,Yoga Mat,4,1040.1,0,,Debit Card,Shipped,4160.4,INVALID_ORDER_DATE
90346,11095,Sarah Taylor,sarah.taylor11095@example.com,34,New York,NY,Electronics,Keyboard,4,476.96,20,,PayPal,Processing,1526.27,INVALID_ORDER_DATE
12554,1099,Olivia Miller,olivia.miller1099@example.com,75,Los Angeles,CA,Books,Python Basics,1,1060.15,15,2024-07-10,Apple Pay,unknown,901.13,INVALID_ORDER_STATUS
42735,16746,Harper Thomas,harper.thomas16746@example.com,37,Atlanta,GA,Sports,Running Shoes,2,681.15,5,2026-02-08,Debit Card,unknown,1294.18,INVALID_ORDER_STATUS
28326,8334,John Martin,john.martin8334@example.com,76,New York,NY,Books,Analytics Guide,2,430.58,15,2026-06-07,PayPal,unknown,731.99,INVALID_ORDER_STATUS
87911,15021,Ava Williams,ava.williams15021@example.com,75,San Diego,CA,Home,Vacuum,3,1089.71,0,,Apple Pay,Completed,3269.13,INVALID_ORDER_DATE
53958,13179,Emma Thomas,emma.thomas13179@example.com,67,Denver,CO,Books,Python Basics,1,1442.19,20,,Credit Card,Completed,1153.75,INVALID_ORDER_DATE
70078,9202,Charles Jackson,charles.jackson9202@example.com,42,Los Angeles,CA,Books,Python Basics,1,337.77,5,2025-07-30,PayPal,unknown,320.88,INVALID_ORDER_STATUS
56301,11343,Olivia Jones,olivia.jones11343@example.com,62,Phoenix,AZ,Books,SQL Handbook,4,417.96,5,,Credit Card,Shipped,1588.25,INVALID_ORDER_DATE
64795,10721,Daniel Miller,daniel.miller10721@example.com,42,Houston,TX,Sports,Dumbbells,4,217.86,0,2024-09-05,Debit Card,unknown,871.44,INVALID_ORDER_STATUS
59040,12060,Amelia Williams,amelia.williams12060@example.com,58,San Diego,CA,Books,Data Engineering 101,5,1333.52,5,,Credit Card,Completed,6334.22,INVALID_ORDER_DATE
37018,2833,Daniel Jackson,daniel.jackson2833@example.com,44,Boston,MA,Books,SQL Handbook,5,166.81,0,,Apple Pay,Returned,834.05,INVALID_ORDER_DATE
87051,9886,Daniel Davis,daniel.davis9886@example.com,32,Denver,CO,Books,Analytics Guide,2,1440.34,0,,PayPal,Completed,2880.68,INVALID_ORDER_DATE
87818,1775,Sarah Smith,sarah.smith1775@example.com,32,San Antonio,TX,Electronics,Laptop,5,303.03,5,,Credit Card,Processing,1439.39,INVALID_ORDER_DATE
96301,16612,Sarah Taylor,sarah.taylor16612@example.com,22,Austin,TX,Home,Vacuum,2,788.41,15,,Apple Pay,Completed,1340.3,INVALID_ORDER_DATE
65644,9724,John Johnson,john.johnson9724@example.com,59,Boston,MA,Sports,Tennis Racket,3,474.56,5,2025-10-09,Bank Transfer,unknown,1352.5,INVALID_ORDER_STATUS
42084,10704,Olivia Jackson,olivia.jackson10704@example.com,59,Miami,FL,Clothing,T-Shirt,4,404.94,5,2026-03-15,Credit Card,unknown,1538.77,INVALID_ORDER_STATUS
82727,11648,Ava Perez,ava.perez11648@example.com,41,Los Angeles,CA,Books,Analytics Guide,3,153.68,10,,Debit Card,Shipped,414.94,INVALID_ORDER_DATE
55268,6762,Mia Williams,mia.williams6762@example.com,60,Los Angeles,CA,Clothing,Sneakers,1,1285.25,0,,Apple Pay,Cancelled,1285.25,INVALID_ORDER_DATE
81959,12019,Olivia Thomas,olivia.thomas12019@example.com,37,Chicago,IL,Clothing,Hoodie,2,136.81,5,,Bank Transfer,Cancelled,259.94,INVALID_ORDER_DATE
41931,10684,James Lee,james.lee10684@example.com,53,New York,NY,Books,SQL Handbook,3,349.46,15,2025-01-27,Debit Card,unknown,891.12,INVALID_ORDER_STATUS
85827,4193,James Garcia,james.garcia4193@example.com,79,Denver,CO,Sports,Tennis Racket,4,1228.9,0,,Debit Card,Completed,4915.6,INVALID_ORDER_DATE
55858,3484,Mia Brown,mia.brown3484@example.com,67,Austin,TX,Books,Cloud Fundamentals,1,1378.3,0,,PayPal,Processing,1378.3,INVALID_ORDER_DATE
12334,6786,Robert Lee,robert.lee6786@example.com,73,Austin,TX,Electronics,Laptop,2,230.98,0,,Debit Card,Processing,461.96,INVALID_ORDER_DATE
13582,7213,John Jackson,john.jackson7213@example.com,25,San Antonio,TX,Clothing,Jacket,4,148.74,0,,Credit Card,Processing,594.96,INVALID_ORDER_DATE
46124,9667,James Martinez,james.martinez9667@example.com,77,San Diego,CA,Clothing,Jeans,1,506.13,20,,Apple Pay,Processing,404.9,INVALID_ORDER_DATE
48008,1912,Charles Garcia,charles.garcia1912@example.com,63,Seattle,WA,Electronics,Monitor,3,724.08,5,,Apple Pay,Completed,2063.63,INVALID_ORDER_DATE
55536,3438,Daniel Wilson,daniel.wilson3438@example.com,41,Austin,TX,Clothing,Jacket,1,185.08,0,2025-07-23,Bank Transfer,unknown,185.08,INVALID_ORDER_STATUS
37217,2916,Olivia Taylor,olivia.taylor2916@example.com,19,Seattle,WA,Clothing,Hoodie,4,893.97,20,,Apple Pay,Processing,2860.7,INVALID_ORDER_DATE
47676,7040,Harper Smith,harper.smith7040@example.com,52,Philadelphia,PA,Clothing,T-Shirt,1,691.36,10,,Bank Transfer,Processing,622.22,INVALID_ORDER_DATE
22860,3798,Ava Thomas,ava.thomas3798@example.com,66,Miami,FL,Home,Blender,2,387.86,15,,Credit Card,Completed,659.36,INVALID_ORDER_DATE
79729,2505,Olivia Thompson,olivia.thompson2505@example.com,26,Chicago,IL,Clothing,T-Shirt,5,707.58,10,,PayPal,Returned,3184.11,INVALID_ORDER_DATE
32209,5448,James Thomas,james.thomas5448@example.com,31,Houston,TX,Home,Air Purifier,3,254.52,0,,Bank Transfer,Processing,763.56,INVALID_ORDER_DATE
44516,3301,Daniel Anderson,daniel.anderson3301@example.com,35,Dallas,TX,Sports,Yoga Mat,3,577.48,5,,Apple Pay,Cancelled,1645.82,INVALID_ORDER_DATE
41230,10401,Thomas Davis,thomas.davis10401@example.com,35,Seattle,WA,Electronics,Smartphone,2,899.39,0,2025-02-09,Credit Card,unknown,1798.78,INVALID_ORDER_STATUS
67065,17030,David Smith,david.smith17030@example.com,56,Miami,FL,Sports,Water Bottle,1,1264.58,5,,Debit Card,Processing,1201.35,INVALID_ORDER_DATE
51215,11486,Mia Martinez,mia.martinez11486@example.com,26,Los Angeles,CA,Clothing,Sneakers,3,1077.46,5,,Bank Transfer,Completed,3070.76,INVALID_ORDER_DATE
47078,1749,Thomas Brown,thomas.brown1749@example.com,34,Los Angeles,CA,Sports,Yoga Mat,5,988.62,15,,PayPal,Processing,4201.64,INVALID_ORDER_DATE
18752,13334,John Rodriguez,john.rodriguez13334@example.com,28,Houston,TX,Clothing,Hoodie,5,547.61,5,,Credit Card,Cancelled,2601.15,INVALID_ORDER_DATE
4477,10487,David Jackson,david.jackson10487@example.com,73,Phoenix,AZ,Clothing,Jacket,4,1035.38,0,,PayPal,Cancelled,4141.52,INVALID_ORDER_DATE
72870,8468,Sarah Garcia,sarah.garcia8468@example.com,41,Phoenix,AZ,Home,Desk Lamp,2,1081.35,15,2026-01-12,Debit Card,unknown,1838.29,INVALID_ORDER_STATUS
42405,11024,Robert Martinez,robert.martinez11024@example.com,39,San Antonio,TX,Clothing,Jacket,4,714.43,10,,Bank Transfer,Cancelled,2571.95,INVALID_ORDER_DATE
3403,8031,Sarah Jackson,sarah.jackson8031@example.com,72,Boston,MA,Home,Coffee Maker,5,993.07,10,2025-04-12,Apple Pay,unknown,4468.82,INVALID_ORDER_STATUS
47055,9296,Amelia Williams,amelia.williams9296@example.com,64,Philadelphia,PA,Books,SQL Handbook,2,318.08,10,,Debit Card,Completed,572.54,INVALID_ORDER_DATE
8508,14367,Isabella Miller,isabella.miller14367@example.com,55,Atlanta,GA,Books,Data Engineering 101,4,895.53,0,,Bank Transfer,Completed,3582.12,INVALID_ORDER_DATE
63502,6471,Mia Thomas,mia.thomas6471@example.com,68,Dallas,TX,Electronics,Headphones,4,542.79,0,,Bank Transfer,Completed,2171.16,INVALID_ORDER_DATE
6814,12311,Evelyn Thompson,evelyn.thompson12311@example.com,49,Los Angeles,CA,Books,Cloud Fundamentals,4,241.56,0,,Apple Pay,Completed,966.24,INVALID_ORDER_DATE
19421,16968,Harper Taylor,harper.taylor16968@example.com,79,Chicago,IL,Sports,Water Bottle,1,300.33,20,,Debit Card,Shipped,240.26,INVALID_ORDER_DATE
13527,5499,Thomas Wilson,thomas.wilson5499@example.com,30,Austin,TX,Electronics,Keyboard,3,957.28,20,,PayPal,Processing,2297.47,INVALID_ORDER_DATE
37673,15140,Thomas Miller,thomas.miller15140@example.com,28,Dallas,TX,Electronics,Headphones,3,888.71,20,2024-04-01,Bank Transfer,unknown,2132.9,INVALID_ORDER_STATUS
82971,13809,Mike Anderson,mike.anderson13809@example.com,59,San Diego,CA,Clothing,T-Shirt,2,1189.77,10,,PayPal,Completed,2141.59,INVALID_ORDER_DATE
23050,15965,Thomas Wilson,thomas.wilson15965@example.com,20,Seattle,WA,Books,Cloud Fundamentals,1,820.76,5,,Bank Transfer,Completed,779.72,INVALID_ORDER_DATE
15189,9517,Sophia Martinez,sophia.martinez9517@example.com,43,Chicago,IL,Electronics,Headphones,3,907.54,0,,Debit Card,Completed,2722.62,INVALID_ORDER_DATE
1313,16710,Mike Anderson,mike.anderson16710@example.com,39,Houston,TX,Sports,Water Bottle,2,24.5,0,,Bank Transfer,Completed,49.0,INVALID_ORDER_DATE
20393,9186,James Thompson,james.thompson9186@example.com,27,Los Angeles,CA,Home,Vacuum,2,75.29,0,,Bank Transfer,Processing,150.58,INVALID_ORDER_DATE
18912,17269,William Brown,william.brown17269@example.com,65,Atlanta,GA,Books,Cloud Fundamentals,2,1399.31,0,,Credit Card,Completed,2798.62,INVALID_ORDER_DATE
31140,11932,Olivia Miller,olivia.miller11932@example.com,54,San Antonio,TX,Sports,Tennis Racket,5,774.14,0,,Debit Card,Completed,3870.7,INVALID_ORDER_DATE
8921,5369,Joseph Lee,joseph.lee5369@example.com,48,San Antonio,TX,Electronics,Monitor,4,18.39,5,,Bank Transfer,Completed,69.88,INVALID_ORDER_DATE
96805,2627,Thomas Thompson,thomas.thompson2627@example.com,52,Chicago,IL,Home,Desk Lamp,5,1158.83,5,2024-04-19,PayPal,unknown,5504.44,INVALID_ORDER_STATUS
81529,17179,Sophia Davis,sophia.davis17179@example.com,73,Austin,TX,Electronics,Smartphone,3,206.96,5,,Debit Card,Shipped,589.84,INVALID_ORDER_DATE
79079,7884,Sarah Thomas,sarah.thomas7884@example.com,72,San Diego,CA,Clothing,Jeans,3,552.82,0,,Credit Card,Returned,1658.46,INVALID_ORDER_DATE
89676,17405,Ava Thomas,ava.thomas17405@example.com,73,Phoenix,AZ,Books,Data Engineering 101,3,623.77,20,,Apple Pay,Completed,1497.05,INVALID_ORDER_DATE
83216,10467,Amelia Taylor,amelia.taylor10467@example.com,27,Denver,CO,Home,Desk Lamp,4,820.79,0,,Credit Card,Returned,3283.16,INVALID_ORDER_DATE
53739,3943,Mia Moore,mia.moore3943@example.com,79,Chicago,IL,Electronics,Keyboard,2,455.8,0,,Credit Card,Completed,911.6,INVALID_ORDER_DATE
95355,15614,John Miller,john.miller15614@example.com,43,San Diego,CA,Sports,Yoga Mat,1,253.64,0,,Credit Card,Processing,253.64,INVALID_ORDER_DATE
33477,7170,Robert Smith,robert.smith7170@example.com,79,Philadelphia,PA,Electronics,Smartphone,2,1126.9,20,,Apple Pay,Completed,1803.04,INVALID_ORDER_DATE
53873,14068,Harper Garcia,harper.garcia14068@example.com,20,Chicago,IL,Sports,Water Bottle,2,1226.22,10,,Apple Pay,Returned,2207.2,INVALID_ORDER_DATE
93934,5095,Emma Perez,emma.perez5095@example.com,40,Austin,TX,Home,Blender,1,1365.58,5,,Apple Pay,Processing,1297.3,INVALID_ORDER_DATE
63241,17518,Ava Jackson,ava.jackson17518@example.com,30,Atlanta,GA,Home,Blender,4,944.07,0,2026-05-17,PayPal,unknown,3776.28,INVALID_ORDER_STATUS
44014,12036,Sarah Taylor,sarah.taylor12036@example.com,79,Chicago,IL,Books,Analytics Guide,1,1150.31,5,,PayPal,Completed,1092.79,INVALID_ORDER_DATE
23380,9517,Mia Davis,mia.davis9517@example.com,38,Los Angeles,CA,Books,SQL Handbook,2,678.52,10,2024-05-22,Bank Transfer,unknown,1221.34,INVALID_ORDER_STATUS
2800,6064,Isabella Jackson,isabella.jackson6064@example.com,64,Phoenix,AZ,Clothing,Sneakers,4,1401.33,0,,Apple Pay,Completed,5605.32,INVALID_ORDER_DATE
21461,8885,Isabella Lee,isabella.lee8885@example.com,72,Atlanta,GA,Clothing,Jeans,5,1090.07,10,,Credit Card,Completed,4905.31,INVALID_ORDER_DATE
53232,17890,David Perez,david.perez17890@example.com,58,Chicago,IL,Books,Python Basics,5,902.76,20,,Credit Card,Cancelled,3611.04,INVALID_ORDER_DATE
90272,12694,Sarah Brown,sarah.brown12694@example.com,33,Denver,CO,Clothing,Jacket,5,324.33,0,2026-06-15,Credit Card,unknown,1621.65,INVALID_ORDER_STATUS
24086,13835,Robert Moore,robert.moore13835@example.com,48,Seattle,WA,Electronics,Monitor,5,1024.19,0,,PayPal,Processing,5120.95,INVALID_ORDER_DATE
43846,7002,Joseph Johnson,joseph.johnson7002@example.com,76,Miami,FL,Clothing,Sneakers,5,158.07,15,,Debit Card,Completed,671.8,INVALID_ORDER_DATE
36005,3705,Isabella Perez,isabella.perez3705@example.com,61,New York,NY,Sports,Dumbbells,5,1184.27,5,2024-03-15,Bank Transfer,unknown,5625.28,INVALID_ORDER_STATUS
45900,5219,Thomas Anderson,thomas.anderson5219@example.com,68,Los Angeles,CA,Clothing,Hoodie,4,806.03,15,,Bank Transfer,Cancelled,2740.5,INVALID_ORDER_DATE
25875,5440,Charles Martin,charles.martin5440@example.com,45,New York,NY,Books,Analytics Guide,2,549.62,10,,Bank Transfer,Completed,989.32,INVALID_ORDER_DATE
26992,10049,Charles Thompson,charles.thompson10049@example.com,29,Denver,CO,Clothing,Sneakers,2,64.1,0,,Credit Card,Completed,128.2,INVALID_ORDER_DATE
4852,17137,Sarah Williams,sarah.williams17137@example.com,74,Boston,MA,Home,Vacuum,1,563.3,20,,Apple Pay,Shipped,450.64,INVALID_ORDER_DATE
97881,3883,Mia Jackson,mia.jackson3883@example.com,75,Houston,TX,Books,Analytics Guide,5,450.5,20,,Apple Pay,Processing,1802.0,INVALID_ORDER_DATE
63878,1479,Joseph Martin,joseph.martin1479@example.com,52,San Diego,CA,Sports,Tennis Racket,1,373.82,15,,PayPal,Completed,317.75,INVALID_ORDER_DATE
84612,1507,Olivia Thompson,olivia.thompson1507@example.com,78,Philadelphia,PA,Clothing,T-Shirt,2,1180.13,0,,Credit Card,Cancelled,2360.26,INVALID_ORDER_DATE
56709,3091,Charles Williams,charles.williams3091@example.com,44,Austin,TX,Sports,Water Bottle,1,1284.61,15,,Debit Card,Returned,1091.92,INVALID_ORDER_DATE
55657,14987,William Anderson,william.anderson14987@example.com,50,Austin,TX,Electronics,Keyboard,3,986.76,5,,Debit Card,Processing,2812.27,INVALID_ORDER_DATE
77803,3928,Amelia Martin,amelia.martin3928@example.com,44,Chicago,IL,Clothing,Hoodie,2,920.88,15,,Apple Pay,Processing,1565.5,INVALID_ORDER_DATE
90625,14904,William Rodriguez,william.rodriguez14904@example.com,48,Chicago,IL,Books,SQL Handbook,2,379.8,15,2025-06-14,Credit Card,unknown,645.66,INVALID_ORDER_STATUS
73829,15661,Mike Thomas,mike.thomas15661@example.com,69,New York,NY,Books,Cloud Fundamentals,5,369.52,20,,Bank Transfer,Processing,1478.08,INVALID_ORDER_DATE
97890,17588,David Johnson,david.johnson17588@example.com,75,Boston,MA,Books,Cloud Fundamentals,1,1015.57,0,,Bank Transfer,Returned,1015.57,INVALID_ORDER_DATE
54740,4729,Olivia Lee,olivia.lee4729@example.com,35,San Antonio,TX,Clothing,Jeans,1,816.57,5,,Apple Pay,Cancelled,775.74,INVALID_ORDER_DATE
18106,4764,William Smith,william.smith4764@example.com,68,Chicago,IL,Home,Blender,3,44.48,5,,PayPal,Completed,126.77,INVALID_ORDER_DATE
30756,16565,Ava Jackson,ava.jackson16565@example.com,62,Miami,FL,Home,Blender,2,1251.33,15,2025-06-30,Credit Card,unknown,2127.26,INVALID_ORDER_STATUS
63698,14497,Emma Rodriguez,emma.rodriguez14497@example.com,28,Houston,TX,Sports,Water Bottle,5,1133.05,0,,Apple Pay,Shipped,5665.25,INVALID_ORDER_DATE
30833,1987,David Thomas,david.thomas1987@example.com,76,San Diego,CA,Electronics,Laptop,2,636.01,0,2024-08-23,Debit Card,unknown,1272.02,INVALID_ORDER_STATUS
41956,11008,Robert Taylor,robert.taylor11008@example.com,18,Miami,FL,Clothing,Jeans,4,311.85,20,,Bank Transfer,Cancelled,997.92,INVALID_ORDER_DATE
65594,8406,Olivia Johnson,olivia.johnson8406@example.com,78,New York,NY,Books,Analytics Guide,4,1017.9,0,2025-05-30,Apple Pay,unknown,4071.6,INVALID_ORDER_STATUS
6141,7952,Daniel Taylor,daniel.taylor7952@example.com,57,Denver,CO,Clothing,Sneakers,4,514.84,10,,Bank Transfer,Shipped,1853.42,INVALID_ORDER_DATE
63867,4481,Daniel Jones,daniel.jones4481@example.com,19,Denver,CO,Sports,Dumbbells,5,452.51,0,,PayPal,Completed,2262.55,INVALID_ORDER_DATE
44673,17130,Thomas Davis,thomas.davis17130@example.com,22,Dallas,TX,Home,Vacuum,3,625.08,0,2025-12-25,Credit Card,unknown,1875.24,INVALID_ORDER_STATUS
45136,7356,Mia Taylor,mia.taylor7356@example.com,18,Chicago,IL,Books,Analytics Guide,2,47.98,0,,Credit Card,Completed,95.96,INVALID_ORDER_DATE
90962,12655,Daniel Wilson,daniel.wilson12655@example.com,33,Austin,TX,Clothing,Hoodie,2,1075.94,0,2024-06-28,Apple Pay,unknown,2151.88,INVALID_ORDER_STATUS
52001,17470,Harper Anderson,harper.anderson17470@example.com,39,New York,NY,Electronics,Headphones,1,796.3,5,,Apple Pay,Shipped,756.48,INVALID_ORDER_DATE
20214,14442,William Brown,william.brown14442@example.com,56,Seattle,WA,Electronics,Monitor,4,311.6,0,2026-03-04,Bank Transfer,unknown,1246.4,INVALID_ORDER_STATUS
73162,3081,Robert Rodriguez,robert.rodriguez3081@example.com,34,New York,NY,Clothing,Jacket,3,394.11,20,2024-11-17,Debit Card,unknown,945.86,INVALID_ORDER_STATUS
18611,17257,David Brown,david.brown17257@example.com,29,Seattle,WA,Clothing,Jacket,1,1315.7,15,,PayPal,Returned,1118.34,INVALID_ORDER_DATE
52373,3212,Olivia Anderson,olivia.anderson3212@example.com,55,Los Angeles,CA,Books,Data Engineering 101,2,738.99,10,2024-11-21,PayPal,unknown,1330.18,INVALID_ORDER_STATUS
55851,15148,Amelia Moore,amelia.moore15148@example.com,18,Phoenix,AZ,Electronics,Monitor,1,1343.75,0,,Apple Pay,Cancelled,1343.75,INVALID_ORDER_DATE
85167,6179,Evelyn Johnson,evelyn.johnson6179@example.com,23,San Diego,CA,Clothing,T-Shirt,4,264.03,20,,Bank Transfer,Processing,844.9,INVALID_ORDER_DATE
61581,5954,James Rodriguez,james.rodriguez5954@example.com,60,Austin,TX,Books,SQL Handbook,3,1025.96,0,,Bank Transfer,Returned,3077.88,INVALID_ORDER_DATE
74373,12530,Sophia Davis,sophia.davis12530@example.com,34,Austin,TX,Sports,Dumbbells,3,909.65,5,2024-05-29,Apple Pay,unknown,2592.5,INVALID_ORDER_STATUS
83689,4496,John Wilson,john.wilson4496@example.com,63,Austin,TX,Clothing,T-Shirt,2,1310.29,15,,PayPal,Completed,2227.49,INVALID_ORDER_DATE
18382,10854,Amelia Miller,amelia.miller10854@example.com,32,New York,NY,Electronics,Smartphone,4,798.34,15,2024-05-14,Bank Transfer,unknown,2714.36,INVALID_ORDER_STATUS
15267,3038,Joseph Anderson,joseph.anderson3038@example.com,71,Houston,TX,Books,Python Basics,2,40.27,0,,PayPal,Completed,80.54,INVALID_ORDER_DATE
1930,15698,Sophia Smith,sophia.smith15698@example.com,18,Austin,TX,Clothing,Jeans,5,1354.36,0,,Debit Card,Completed,6771.8,INVALID_ORDER_DATE
54395,12210,David Perez,david.perez12210@example.com,53,Austin,TX,Home,Air Purifier,4,352.7,0,,Apple Pay,Completed,1410.8,INVALID_ORDER_DATE
62124,10288,Mike Johnson,mike.johnson10288@example.com,70,Boston,MA,Home,Blender,5,1360.58,15,,Apple Pay,Returned,5782.46,INVALID_ORDER_DATE
85976,4057,Emma Thomas,emma.thomas4057@example.com,79,Miami,FL,Electronics,Keyboard,3,352.01,5,,Debit Card,Cancelled,1003.23,INVALID_ORDER_DATE
39404,7429,Isabella Smith,isabella.smith7429@example.com,62,Philadelphia,PA,Electronics,Monitor,2,143.58,15,,Credit Card,Processing,244.09,INVALID_ORDER_DATE
33256,1140,James Smith,james.smith1140@example.com,61,New York,NY,Books,Python Basics,5,830.2,20,,Credit Card,Returned,3320.8,INVALID_ORDER_DATE
17731,8221,James Jackson,james.jackson8221@example.com,37,New York,NY,Clothing,T-Shirt,1,537.38,0,,Credit Card,Returned,537.38,INVALID_ORDER_DATE
84466,8233,Harper Williams,harper.williams8233@example.com,55,Miami,FL,Electronics,Laptop,1,298.54,15,2024-04-29,Debit Card,unknown,253.76,INVALID_ORDER_STATUS
12270,17234,Thomas Anderson,thomas.anderson17234@example.com,57,Denver,CO,Clothing,Jeans,3,791.72,15,2025-09-02,Credit Card,unknown,2018.89,INVALID_ORDER_STATUS
44580,2933,David Johnson,david.johnson2933@example.com,76,Houston,TX,Home,Blender,2,509.96,0,,Bank Transfer,Processing,1019.92,INVALID_ORDER_DATE
48459,7301,Robert Anderson,robert.anderson7301@example.com,24,Seattle,WA,Clothing,T-Shirt,5,164.11,5,2024-11-22,Credit Card,unknown,779.52,INVALID_ORDER_STATUS
20825,7257,Mike Wilson,mike.wilson7257@example.com,30,San Antonio,TX,Electronics,Monitor,5,562.76,0,,Credit Card,Completed,2813.8,INVALID_ORDER_DATE
47203,9055,Mike Johnson,mike.johnson9055@example.com,64,Atlanta,GA,Sports,Water Bottle,5,1224.26,5,,Credit Card,Completed,5815.24,INVALID_ORDER_DATE
68861,15668,Harper Moore,harper.moore15668@example.com,80,Philadelphia,PA,Clothing,Jacket,3,532.8,10,,Bank Transfer,Shipped,1438.56,INVALID_ORDER_DATE
40273,8022,Isabella Lee,isabella.lee8022@example.com,74,Chicago,IL,Electronics,Monitor,5,1227.97,0,,PayPal,Completed,6139.85,INVALID_ORDER_DATE
24888,7604,Emma Smith,emma.smith7604@example.com,76,Los Angeles,CA,Books,Cloud Fundamentals,2,618.1,20,2026-06-08,Bank Transfer,unknown,988.96,INVALID_ORDER_STATUS
64417,11622,Ava Thomas,ava.thomas11622@example.com,22,Miami,FL,Clothing,Hoodie,2,161.11,0,2024-01-19,Credit Card,unknown,322.22,INVALID_ORDER_STATUS
13097,8317,David Garcia,david.garcia8317@example.com,27,New York,NY,Books,SQL Handbook,1,1219.42,0,,Apple Pay,Cancelled,1219.42,INVALID_ORDER_DATE
86974,5458,Isabella Rodriguez,isabella.rodriguez5458@example.com,21,Boston,MA,Home,Desk Lamp,3,546.05,0,2026-03-27,PayPal,unknown,1638.15,INVALID_ORDER_STATUS
37996,3472,Evelyn Martin,evelyn.martin3472@example.com,40,Chicago,IL,Home,Coffee Maker,2,783.3,0,,Debit Card,Returned,1566.6,INVALID_ORDER_DATE
25821,7365,Ava Moore,ava.moore7365@example.com,40,Los Angeles,CA,Clothing,T-Shirt,4,906.58,0,,Debit Card,Completed,3626.32,INVALID_ORDER_DATE
16566,14637,Evelyn Thomas,evelyn.thomas14637@example.com,39,Houston,TX,Home,Vacuum,4,578.76,15,,Bank Transfer,Completed,1967.78,INVALID_ORDER_DATE
72465,11750,William Thomas,william.thomas11750@example.com,21,Austin,TX,Electronics,Headphones,1,355.81,5,,Debit Card,Cancelled,338.02,INVALID_ORDER_DATE
23439,12315,David Williams,david.williams12315@example.com,25,Miami,FL,Electronics,Keyboard,5,1361.83,0,,Apple Pay,Cancelled,6809.15,INVALID_ORDER_DATE
35750,16736,Sophia Rodriguez,sophia.rodriguez16736@example.com,44,Boston,MA,Books,Python Basics,3,769.64,0,,Apple Pay,Cancelled,2308.92,INVALID_ORDER_DATE
28485,13693,Thomas Thomas,thomas.thomas13693@example.com,73,Austin,TX,Electronics,Laptop,5,521.93,10,,Bank Transfer,Processing,2348.68,INVALID_ORDER_DATE
22160,3105,Olivia Martin,olivia.martin3105@example.com,43,Phoenix,AZ,Books,Data Engineering 101,4,495.76,0,,PayPal,Completed,1983.04,INVALID_ORDER_DATE
61095,9519,John Martinez,john.martinez9519@example.com,46,Houston,TX,Books,Analytics Guide,3,149.01,0,,Debit Card,Completed,447.03,INVALID_ORDER_DATE
17097,10210,Daniel Jackson,daniel.jackson10210@example.com,43,San Antonio,TX,Home,Vacuum,2,1283.42,5,,PayPal,Completed,2438.5,INVALID_ORDER_DATE
44598,17325,William Anderson,william.anderson17325@example.com,45,San Antonio,TX,Home,Desk Lamp,1,235.43,0,,PayPal,Shipped,235.43,INVALID_ORDER_DATE
37116,7891,Isabella Jones,isabella.jones7891@example.com,40,Boston,MA,Sports,Dumbbells,1,783.28,5,,Debit Card,Processing,744.12,INVALID_ORDER_DATE
21479,11860,Charles Garcia,charles.garcia11860@example.com,41,Seattle,WA,Clothing,T-Shirt,5,612.43,20,,PayPal,Cancelled,2449.72,INVALID_ORDER_DATE
38050,15111,Olivia Wilson,olivia.wilson15111@example.com,43,Miami,FL,Clothing,T-Shirt,3,1418.76,5,,Credit Card,Shipped,4043.47,INVALID_ORDER_DATE
17749,1002,David Jackson,david.jackson1002@example.com,64,Miami,FL,Clothing,Sneakers,3,555.9,20,,Bank Transfer,Shipped,1334.16,INVALID_ORDER_DATE
29540,8207,John Lee,john.lee8207@example.com,35,Denver,CO,Home,Air Purifier,1,633.23,0,,Apple Pay,Completed,633.23,INVALID_ORDER_DATE
87475,16558,Charles Johnson,charles.johnson16558@example.com,47,Miami,FL,Clothing,Hoodie,5,664.44,20,,PayPal,Shipped,2657.76,INVALID_ORDER_DATE
47672,8527,Ava Martinez,ava.martinez8527@example.com,47,Houston,TX,Home,Air Purifier,5,777.17,0,,Credit Card,Shipped,3885.85,INVALID_ORDER_DATE
37125,13252,Olivia Smith,olivia.smith13252@example.com,31,San Diego,CA,Home,Vacuum,4,201.86,20,2025-12-22,Debit Card,unknown,645.95,INVALID_ORDER_STATUS
38206,8427,Mia Lee,mia.lee8427@example.com,80,Philadelphia,PA,Electronics,Monitor,5,351.07,0,2026-05-12,Credit Card,unknown,1755.35,INVALID_ORDER_STATUS
47053,7896,Harper Davis,harper.davis7896@example.com,63,New York,NY,Books,Python Basics,1,17.78,20,2024-07-23,Credit Card,unknown,14.22,INVALID_ORDER_STATUS
71039,10708,David Martinez,david.martinez10708@example.com,42,Boston,MA,Sports,Running Shoes,3,682.34,10,,Apple Pay,Returned,1842.32,INVALID_ORDER_DATE
23537,2713,Mia Brown,mia.brown2713@example.com,23,Chicago,IL,Home,Coffee Maker,5,1182.12,0,,PayPal,Cancelled,5910.6,INVALID_ORDER_DATE
3291,3773,Charles Perez,charles.perez3773@example.com,79,Phoenix,AZ,Clothing,Jacket,1,581.07,15,2024-12-07,Bank Transfer,unknown,493.91,INVALID_ORDER_STATUS
16885,11461,Thomas Rodriguez,thomas.rodriguez11461@example.com,52,Chicago,IL,Books,SQL Handbook,5,1194.09,5,,Debit Card,Cancelled,5671.93,INVALID_ORDER_DATE
84648,16345,Robert Brown,robert.brown16345@example.com,22,Los Angeles,CA,Sports,Yoga Mat,5,725.91,0,,Credit Card,Completed,3629.55,INVALID_ORDER_DATE
77020,9716,Daniel Wilson,daniel.wilson9716@example.com,23,Boston,MA,Sports,Tennis Racket,2,809.1,5,,Debit Card,Cancelled,1537.29,INVALID_ORDER_DATE
88840,5998,William Moore,william.moore5998@example.com,60,Houston,TX,Books,Python Basics,1,574.65,0,,Bank Transfer,Returned,574.65,INVALID_ORDER_DATE
89589,3084,Amelia Lee,amelia.lee3084@example.com,48,Atlanta,GA,Home,Desk Lamp,5,711.23,0,,Credit Card,Completed,3556.15,INVALID_ORDER_DATE
841,3502,John Jones,john.jones3502@example.com,67,Seattle,WA,Home,Desk Lamp,2,590.77,15,2026-03-26,Apple Pay,unknown,1004.31,INVALID_ORDER_STATUS
5635,13379,Isabella Williams,isabella.williams13379@example.com,78,Boston,MA,Sports,Tennis Racket,4,588.37,10,,PayPal,Processing,2118.13,INVALID_ORDER_DATE
78909,16033,John Anderson,john.anderson16033@example.com,65,Dallas,TX,Electronics,Headphones,3,826.97,5,,Apple Pay,Completed,2356.86,INVALID_ORDER_DATE
17560,9034,John Williams,john.williams9034@example.com,41,San Antonio,TX,Sports,Running Shoes,5,1042.64,5,,Debit Card,Completed,4952.54,INVALID_ORDER_DATE
73267,9176,Mia Garcia,mia.garcia9176@example.com,69,Atlanta,GA,Home,Desk Lamp,5,844.09,0,,Credit Card,Returned,4220.45,INVALID_ORDER_DATE
13896,6122,Joseph Martin,joseph.martin6122@example.com,47,Phoenix,AZ,Books,Cloud Fundamentals,4,634.34,20,,Apple Pay,Returned,2029.89,INVALID_ORDER_DATE
24320,9781,Joseph Davis,joseph.davis9781@example.com,69,Philadelphia,PA,Clothing,Jeans,2,1231.87,5,,Credit Card,Completed,2340.55,INVALID_ORDER_DATE
28417,13179,Evelyn Martin,evelyn.martin13179@example.com,65,Dallas,TX,Clothing,Sneakers,2,652.73,0,,Credit Card,Processing,1305.46,INVALID_ORDER_DATE
32240,4235,Thomas Anderson,thomas.anderson4235@example.com,75,Houston,TX,Books,Analytics Guide,4,973.71,0,,Credit Card,Returned,3894.84,INVALID_ORDER_DATE
27703,2730,Robert Thompson,robert.thompson2730@example.com,64,Phoenix,AZ,Home,Air Purifier,2,1055.05,10,,PayPal,Returned,1899.09,INVALID_ORDER_DATE
34422,2439,Ava Williams,ava.williams2439@example.com,59,Chicago,IL,Home,Coffee Maker,2,1307.46,5,,Credit Card,Completed,2484.17,INVALID_ORDER_DATE
9231,15067,Emma Martinez,emma.martinez15067@example.com,54,Seattle,WA,Electronics,Smartphone,5,476.97,0,2025-01-10,Debit Card,unknown,2384.85,INVALID_ORDER_STATUS
67017,9579,William Williams,william.williams9579@example.com,59,Philadelphia,PA,Books,Cloud Fundamentals,2,700.87,15,2024-04-04,Debit Card,unknown,1191.48,INVALID_ORDER_STATUS
54895,12090,Ava Perez,ava.perez12090@example.com,64,Seattle,WA,Books,Cloud Fundamentals,1,148.02,5,,Apple Pay,Shipped,140.62,INVALID_ORDER_DATE
8759,8203,William Taylor,william.taylor8203@example.com,76,Philadelphia,PA,Electronics,Laptop,2,999.68,5,2024-11-08,Apple Pay,unknown,1899.39,INVALID_ORDER_STATUS
62650,13054,Olivia Martin,olivia.martin13054@example.com,52,Austin,TX,Clothing,Jacket,1,1090.43,0,,Credit Card,Shipped,1090.43,INVALID_ORDER_DATE
8691,13037,Robert Brown,robert.brown13037@example.com,64,Chicago,IL,Home,Desk Lamp,3,916.11,10,,Bank Transfer,Shipped,2473.5,INVALID_ORDER_DATE
43095,1305,James Thompson,james.thompson1305@example.com,46,Phoenix,AZ,Electronics,Laptop,3,584.52,10,2025-12-31,Apple Pay,unknown,1578.2,INVALID_ORDER_STATUS
57861,13204,Joseph Lee,joseph.lee13204@example.com,60,Phoenix,AZ,Clothing,Jacket,1,920.42,0,,Apple Pay,Cancelled,920.42,INVALID_ORDER_DATE
21935,14760,James Wilson,james.wilson14760@example.com,36,Dallas,TX,Electronics,Keyboard,5,675.33,0,2025-02-26,PayPal,unknown,3376.65,INVALID_ORDER_STATUS
63159,5103,Daniel Jones,daniel.jones5103@example.com,28,Houston,TX,Books,SQL Handbook,4,1360.27,0,,Credit Card,Processing,5441.08,INVALID_ORDER_DATE
80086,6508,Charles Miller,charles.miller6508@example.com,51,Phoenix,AZ,Home,Blender,1,505.08,0,,Debit Card,Shipped,505.08,INVALID_ORDER_DATE
54905,5684,David Davis,david.davis5684@example.com,20,San Diego,CA,Electronics,Monitor,3,860.56,0,,Credit Card,Cancelled,2581.68,INVALID_ORDER_DATE
15231,4733,Charles Martinez,charles.martinez4733@example.com,63,Houston,TX,Sports,Yoga Mat,4,1088.59,20,,Debit Card,Cancelled,3483.49,INVALID_ORDER_DATE
12855,13485,Joseph Martinez,joseph.martinez13485@example.com,30,Houston,TX,Clothing,Sneakers,4,1456.74,15,,Credit Card,Completed,4952.92,INVALID_ORDER_DATE
55213,13685,Emma Taylor,emma.taylor13685@example.com,56,San Diego,CA,Clothing,Sneakers,1,1374.78,5,,PayPal,Shipped,1306.04,INVALID_ORDER_DATE
36575,15158,Joseph Wilson,joseph.wilson15158@example.com,53,Denver,CO,Home,Air Purifier,5,994.4,0,,Bank Transfer,Cancelled,4972.0,INVALID_ORDER_DATE
78234,17551,Emma Thomas,emma.thomas17551@example.com,80,Boston,MA,Electronics,Keyboard,3,753.07,0,,Debit Card,Cancelled,2259.21,INVALID_ORDER_DATE
952,4633,Charles Jackson,charles.jackson4633@example.com,77,Atlanta,GA,Sports,Yoga Mat,1,512.36,0,,PayPal,Returned,512.36,INVALID_ORDER_DATE
1648,13886,Joseph Johnson,joseph.johnson13886@example.com,42,Houston,TX,Books,Data Engineering 101,1,858.93,20,,PayPal,Completed,687.14,INVALID_ORDER_DATE
18294,7504,William Johnson,william.johnson7504@example.com,70,San Diego,CA,Books,Data Engineering 101,4,1158.65,15,,Apple Pay,Completed,3939.41,INVALID_ORDER_DATE
32939,3885,Charles Garcia,charles.garcia3885@example.com,59,Dallas,TX,Clothing,T-Shirt,5,475.59,5,,PayPal,Returned,2259.05,INVALID_ORDER_DATE
44483,15107,Thomas Moore,thomas.moore15107@example.com,55,Dallas,TX,Electronics,Smartphone,2,486.76,20,,Bank Transfer,Completed,778.82,INVALID_ORDER_DATE
71303,6026,Mia Williams,mia.williams6026@example.com,72,New York,NY,Clothing,Jacket,2,1319.99,5,,PayPal,Completed,2507.98,INVALID_ORDER_DATE
22755,10474,Sophia Wilson,sophia.wilson10474@example.com,29,Seattle,WA,Books,Analytics Guide,3,1238.0,20,,Debit Card,Completed,2971.2,INVALID_ORDER_DATE
46451,13488,James Rodriguez,james.rodriguez13488@example.com,69,Philadelphia,PA,Electronics,Smartphone,1,1198.51,10,2024-08-28,Apple Pay,unknown,1078.66,INVALID_ORDER_STATUS
52180,15882,David Garcia,david.garcia15882@example.com,19,Dallas,TX,Electronics,Headphones,5,129.93,5,2024-01-02,Credit Card,unknown,617.17,INVALID_ORDER_STATUS
25309,3236,James Perez,james.perez3236@example.com,56,Houston,TX,Electronics,Smartphone,3,737.02,0,,Apple Pay,Shipped,2211.06,INVALID_ORDER_DATE
39817,2784,John Brown,john.brown2784@example.com,18,Atlanta,GA,Books,Analytics Guide,3,649.49,15,,Apple Pay,Completed,1656.2,INVALID_ORDER_DATE
72331,11083,Sarah Miller,sarah.miller11083@example.com,51,San Diego,CA,Electronics,Monitor,2,439.53,0,,PayPal,Cancelled,879.06,INVALID_ORDER_DATE
84436,8651,Sarah Johnson,sarah.johnson8651@example.com,19,Boston,MA,Home,Vacuum,3,1059.46,0,,Debit Card,Returned,3178.38,INVALID_ORDER_DATE
86361,13050,Harper Martin,harper.martin13050@example.com,19,Atlanta,GA,Books,Analytics Guide,3,435.66,10,,PayPal,Completed,1176.28,INVALID_ORDER_DATE
64407,4666,Evelyn Perez,evelyn.perez4666@example.com,78,Chicago,IL,Books,Cloud Fundamentals,5,1331.33,5,,Credit Card,Processing,6323.82,INVALID_ORDER_DATE
55618,4696,Daniel Smith,daniel.smith4696@example.com,27,San Antonio,TX,Sports,Yoga Mat,5,552.74,15,,Apple Pay,Returned,2349.14,INVALID_ORDER_DATE
83163,16589,Joseph Taylor,joseph.taylor16589@example.com,64,Austin,TX,Sports,Tennis Racket,2,893.0,15,,Bank Transfer,Cancelled,1518.1,INVALID_ORDER_DATE
59457,10581,Charles Jackson,charles.jackson10581@example.com,32,Miami,FL,Home,Coffee Maker,4,42.37,0,,PayPal,Shipped,169.48,INVALID_ORDER_DATE
84441,13650,Sophia Jackson,sophia.jackson13650@example.com,76,Philadelphia,PA,Clothing,T-Shirt,2,696.21,0,,Debit Card,Shipped,1392.42,INVALID_ORDER_DATE
44826,7895,Amelia Thompson,amelia.thompson7895@example.com,66,Atlanta,GA,Clothing,Hoodie,1,267.79,15,,Debit Card,Shipped,227.62,INVALID_ORDER_DATE
92927,13138,William Miller,william.miller13138@example.com,22,New York,NY,Clothing,Jacket,5,1117.65,20,,Bank Transfer,Completed,4470.6,INVALID_ORDER_DATE
31632,4630,James Martinez,james.martinez4630@example.com,57,New York,NY,Sports,Dumbbells,4,255.24,10,2026-06-02,Bank Transfer,unknown,918.86,INVALID_ORDER_STATUS
59066,13246,Evelyn Johnson,evelyn.johnson13246@example.com,65,Austin,TX,Books,SQL Handbook,5,1116.95,5,2024-06-20,Credit Card,unknown,5305.51,INVALID_ORDER_STATUS
46182,10346,Sarah Perez,sarah.perez10346@example.com,44,Atlanta,GA,Electronics,Keyboard,4,1099.65,0,,Apple Pay,Completed,4398.6,INVALID_ORDER_DATE
51205,15408,Emma Thomas,emma.thomas15408@example.com,28,Austin,TX,Clothing,Jeans,3,538.84,0,,Apple Pay,Cancelled,1616.52,INVALID_ORDER_DATE
89008,5297,Sarah Davis,sarah.davis5297@example.com,18,Phoenix,AZ,Home,Coffee Maker,5,1494.12,0,2025-12-07,Credit Card,unknown,7470.6,INVALID_ORDER_STATUS
36845,11413,Daniel Jackson,daniel.jackson11413@example.com,63,New York,NY,Sports,Water Bottle,4,282.53,20,,PayPal,Shipped,904.1,INVALID_ORDER_DATE
56366,6206,Sarah Davis,sarah.davis6206@example.com,34,Phoenix,AZ,Electronics,Keyboard,3,51.35,5,,Credit Card,Shipped,146.35,INVALID_ORDER_DATE
35058,11985,William Martinez,william.martinez11985@example.com,42,Atlanta,GA,Home,Air Purifier,5,1428.31,15,2024-07-23,Debit Card,unknown,6070.32,INVALID_ORDER_STATUS
76988,4885,Harper Moore,harper.moore4885@example.com,60,Austin,TX,Home,Vacuum,5,760.18,15,,Bank Transfer,Completed,3230.76,INVALID_ORDER_DATE
41965,6349,Joseph Wilson,joseph.wilson6349@example.com,25,Denver,CO,Sports,Yoga Mat,5,1450.05,5,,Bank Transfer,Completed,6887.74,INVALID_ORDER_DATE
8865,15924,Ava Martinez,ava.martinez15924@example.com,37,Philadelphia,PA,Books,Analytics Guide,2,561.41,0,,PayPal,Completed,1122.82,INVALID_ORDER_DATE
70632,6060,Ava Perez,ava.perez6060@example.com,66,Miami,FL,Sports,Yoga Mat,2,607.04,0,,Credit Card,Completed,1214.08,INVALID_ORDER_DATE
95021,17002,Joseph Thompson,joseph.thompson17002@example.com,80,Seattle,WA,Electronics,Headphones,1,622.74,0,,Apple Pay,Processing,622.74,INVALID_ORDER_DATE
74001,2550,Sarah Lee,sarah.lee2550@example.com,27,Atlanta,GA,Books,Data Engineering 101,2,1085.11,0,2025-07-24,Credit Card,unknown,2170.22,INVALID_ORDER_STATUS
47100,13402,Charles Rodriguez,charles.rodriguez13402@example.com,79,Phoenix,AZ,Sports,Yoga Mat,3,1368.04,0,,Apple Pay,Completed,4104.12,INVALID_ORDER_DATE
36866,3189,Ava Rodriguez,ava.rodriguez3189@example.com,63,Philadelphia,PA,Books,Python Basics,1,1277.4,0,,Bank Transfer,Returned,1277.4,INVALID_ORDER_DATE
87463,17462,Harper Johnson,harper.johnson17462@example.com,59,Phoenix,AZ,Sports,Running Shoes,3,656.27,20,,Debit Card,Shipped,1575.05,INVALID_ORDER_DATE
18430,16649,Mike Taylor,mike.taylor16649@example.com,55,Boston,MA,Home,Coffee Maker,2,1342.73,5,,Bank Transfer,Completed,2551.19,INVALID_ORDER_DATE
54565,15128,William Johnson,william.johnson15128@example.com,28,Miami,FL,Clothing,T-Shirt,4,69.58,0,,PayPal,Completed,278.32,INVALID_ORDER_DATE
39937,9241,John Martinez,john.martinez9241@example.com,47,Atlanta,GA,Electronics,Smartphone,4,242.4,15,,Credit Card,Returned,824.16,INVALID_ORDER_DATE
95255,3557,Amelia Rodriguez,amelia.rodriguez3557@example.com,44,Atlanta,GA,Electronics,Headphones,4,1178.46,5,,Credit Card,Completed,4478.15,INVALID_ORDER_DATE
32731,10037,Charles Miller,charles.miller10037@example.com,72,Philadelphia,PA,Sports,Water Bottle,4,70.79,0,,Credit Card,Cancelled,283.16,INVALID_ORDER_DATE
78960,16996,William Johnson,william.johnson16996@example.com,50,Miami,FL,Sports,Yoga Mat,3,95.89,0,2026-01-18,Apple Pay,unknown,287.67,INVALID_ORDER_STATUS
31260,3344,Amelia Perez,amelia.perez3344@example.com,68,Los Angeles,CA,Books,Cloud Fundamentals,3,1369.88,10,,Apple Pay,Cancelled,3698.68,INVALID_ORDER_DATE
48355,13462,Olivia Johnson,olivia.johnson13462@example.com,76,Houston,TX,Electronics,Smartphone,1,628.65,10,,Credit Card,Completed,565.78,INVALID_ORDER_DATE
11850,12614,Robert Lee,robert.lee12614@example.com,46,Chicago,IL,Electronics,Laptop,1,304.98,0,,PayPal,Completed,304.98,INVALID_ORDER_DATE
61204,3498,Charles Brown,charles.brown3498@example.com,34,Chicago,IL,Books,Python Basics,5,1353.13,10,,Apple Pay,Completed,6089.09,INVALID_ORDER_DATE
44612,15006,Amelia Thompson,amelia.thompson15006@example.com,48,Denver,CO,Books,Cloud Fundamentals,4,244.4,15,,PayPal,Processing,830.96,INVALID_ORDER_DATE
75526,10511,Thomas Williams,thomas.williams10511@example.com,41,Dallas,TX,Clothing,Jeans,2,1467.78,20,2026-05-19,PayPal,unknown,2348.45,INVALID_ORDER_STATUS
88899,14342,David Martin,david.martin14342@example.com,50,Boston,MA,Clothing,Hoodie,1,1289.01,15,2025-12-08,Debit Card,unknown,1095.66,INVALID_ORDER_STATUS
85098,8798,Amelia Perez,amelia.perez8798@example.com,45,Chicago,IL,Electronics,Smartphone,4,660.59,0,,Debit Card,Completed,2642.36,INVALID_ORDER_DATE
60755,6381,Ava Rodriguez,ava.rodriguez6381@example.com,39,Boston,MA,Clothing,Hoodie,4,710.47,0,,Bank Transfer,Returned,2841.88,INVALID_ORDER_DATE
14480,9963,Thomas Brown,thomas.brown9963@example.com,26,Chicago,IL,Books,Data Engineering 101,5,1223.72,10,,Credit Card,Processing,5506.74,INVALID_ORDER_DATE
38341,12777,Emma Anderson,emma.anderson12777@example.com,48,Houston,TX,Books,Analytics Guide,2,679.02,15,,Debit Card,Completed,1154.33,INVALID_ORDER_DATE
62019,9748,Thomas Martin,thomas.martin9748@example.com,72,Phoenix,AZ,Books,Data Engineering 101,5,1236.03,0,2024-03-24,PayPal,unknown,6180.15,INVALID_ORDER_STATUS
50663,12686,Harper Lee,harper.lee12686@example.com,35,Seattle,WA,Home,Coffee Maker,5,715.62,0,,Apple Pay,Completed,3578.1,INVALID_ORDER_DATE
34888,2243,William Martinez,william.martinez2243@example.com,80,Denver,CO,Clothing,Hoodie,3,1236.09,0,,Debit Card,Processing,3708.27,INVALID_ORDER_DATE
77772,3009,Daniel Jones,daniel.jones3009@example.com,46,Atlanta,GA,Books,Python Basics,3,31.08,20,2025-04-16,Credit Card,unknown,74.59,INVALID_ORDER_STATUS
44466,12504,Amelia Rodriguez,amelia.rodriguez12504@example.com,56,Los Angeles,CA,Sports,Tennis Racket,2,961.83,0,,Apple Pay,Completed,1923.66,INVALID_ORDER_DATE
22605,17334,Sophia Garcia,sophia.garcia17334@example.com,39,San Antonio,TX,Clothing,Jeans,4,617.55,0,,Debit Card,Cancelled,2470.2,INVALID_ORDER_DATE
15653,10603,Mike Taylor,mike.taylor10603@example.com,49,Atlanta,GA,Sports,Tennis Racket,4,80.78,0,,Credit Card,Completed,323.12,INVALID_ORDER_DATE
30242,4055,Robert Garcia,robert.garcia4055@example.com,22,Chicago,IL,Electronics,Keyboard,4,425.05,0,,PayPal,Completed,1700.2,INVALID_ORDER_DATE
48917,9545,Harper Rodriguez,harper.rodriguez9545@example.com,21,San Diego,CA,Books,SQL Handbook,1,1401.28,10,,Apple Pay,Completed,1261.15,INVALID_ORDER_DATE
60508,6411,Isabella Lee,isabella.lee6411@example.com,80,Miami,FL,Clothing,Jeans,5,1399.92,20,,Debit Card,Completed,5599.68,INVALID_ORDER_DATE
41420,10537,Amelia Williams,amelia.williams10537@example.com,46,Dallas,TX,Sports,Running Shoes,2,1356.89,10,,Bank Transfer,Cancelled,2442.4,INVALID_ORDER_DATE
5856,9093,Robert Jackson,robert.jackson9093@example.com,55,New York,NY,Home,Air Purifier,1,812.14,20,,Debit Card,Completed,649.71,INVALID_ORDER_DATE
31484,7525,Amelia Smith,amelia.smith7525@example.com,32,Atlanta,GA,Books,Analytics Guide,1,1303.79,5,,Debit Card,Completed,1238.6,INVALID_ORDER_DATE
62731,5883,Daniel Wilson,daniel.wilson5883@example.com,63,Atlanta,GA,Home,Blender,5,576.82,0,,Debit Card,Completed,2884.1,INVALID_ORDER_DATE
39111,2907,Emma Taylor,emma.taylor2907@example.com,75,Miami,FL,Sports,Running Shoes,3,1485.15,5,2024-10-12,PayPal,unknown,4232.68,INVALID_ORDER_STATUS
18166,13045,Mike Miller,mike.miller13045@example.com,72,Seattle,WA,Electronics,Smartphone,1,852.92,0,2025-02-12,PayPal,unknown,852.92,INVALID_ORDER_STATUS
11155,11033,Daniel Taylor,daniel.taylor11033@example.com,19,Philadelphia,PA,Sports,Tennis Racket,2,872.83,20,,PayPal,Processing,1396.53,INVALID_ORDER_DATE
20857,7662,Olivia Anderson,olivia.anderson7662@example.com,52,San Antonio,TX,Clothing,Sneakers,2,615.51,10,,PayPal,Returned,1107.92,INVALID_ORDER_DATE
93638,9771,Ava Johnson,ava.johnson9771@example.com,28,Seattle,WA,Electronics,Headphones,1,1044.97,15,2024-08-08,Debit Card,unknown,888.22,INVALID_ORDER_STATUS
35071,11718,Mia Anderson,mia.anderson11718@example.com,76,Austin,TX,Sports,Water Bottle,1,1135.16,5,,Debit Card,Processing,1078.4,INVALID_ORDER_DATE
39250,7773,Evelyn Martinez,evelyn.martinez7773@example.com,41,Austin,TX,Books,Cloud Fundamentals,1,919.63,0,,Apple Pay,Completed,919.63,INVALID_ORDER_DATE
87042,4891,Isabella Moore,isabella.moore4891@example.com,80,Phoenix,AZ,Home,Air Purifier,5,1041.1,0,2025-12-06,Debit Card,unknown,5205.5,INVALID_ORDER_STATUS
26608,12633,William Jackson,william.jackson12633@example.com,55,San Diego,CA,Electronics,Monitor,3,907.37,10,,Bank Transfer,Completed,2449.9,INVALID_ORDER_DATE
34815,9266,Ava Miller,ava.miller9266@example.com,27,Miami,FL,Electronics,Headphones,3,221.91,10,2024-05-11,PayPal,unknown,599.16,INVALID_ORDER_STATUS
89484,10487,Robert Wilson,robert.wilson10487@example.com,23,San Diego,CA,Home,Vacuum,1,171.66,0,,PayPal,Completed,171.66,INVALID_ORDER_DATE
60740,1130,Mike Perez,mike.perez1130@example.com,37,Seattle,WA,Books,Data Engineering 101,5,1421.36,5,,PayPal,Processing,6751.46,INVALID_ORDER_DATE
68368,3162,William Thompson,william.thompson3162@example.com,22,Los Angeles,CA,Sports,Yoga Mat,5,792.2,5,,Bank Transfer,Cancelled,3762.95,INVALID_ORDER_DATE
39721,2298,Amelia Lee,amelia.lee2298@example.com,22,New York,NY,Electronics,Monitor,1,929.24,0,,Credit Card,Cancelled,929.24,INVALID_ORDER_DATE
26553,2313,Sophia Anderson,sophia.anderson2313@example.com,21,Houston,TX,Clothing,Sneakers,3,1309.02,20,,Apple Pay,Completed,3141.65,INVALID_ORDER_DATE
4553,3847,Amelia Wilson,amelia.wilson3847@example.com,19,Boston,MA,Books,Analytics Guide,4,360.03,0,,PayPal,Cancelled,1440.12,INVALID_ORDER_DATE
59077,1558,Emma Perez,emma.perez1558@example.com,72,Atlanta,GA,Electronics,Headphones,2,1286.66,0,,Credit Card,Processing,2573.32,INVALID_ORDER_DATE
30183,1233,James Jackson,james.jackson1233@example.com,22,Houston,TX,Clothing,T-Shirt,1,1052.79,0,2025-05-13,Apple Pay,unknown,1052.79,INVALID_ORDER_STATUS
5219,15545,Olivia Johnson,olivia.johnson15545@example.com,31,Miami,FL,Home,Vacuum,5,340.6,0,,Debit Card,Shipped,1703.0,INVALID_ORDER_DATE
73879,15581,Isabella Lee,isabella.lee15581@example.com,61,Atlanta,GA,Home,Vacuum,2,1016.48,20,,PayPal,Returned,1626.37,INVALID_ORDER_DATE
39665,11156,Sarah Moore,sarah.moore11156@example.com,19,Miami,FL,Sports,Yoga Mat,2,196.45,10,,Apple Pay,Returned,353.61,INVALID_ORDER_DATE
55645,12207,Ava Martin,ava.martin12207@example.com,21,Philadelphia,PA,Electronics,Laptop,2,1248.16,10,,Debit Card,Returned,2246.69,INVALID_ORDER_DATE
63270,5216,Amelia Johnson,amelia.johnson5216@example.com,63,Philadelphia,PA,Home,Blender,3,306.91,0,,Credit Card,Returned,920.73,INVALID_ORDER_DATE
65268,11945,Robert Moore,robert.moore11945@example.com,26,Los Angeles,CA,Clothing,Jacket,3,1124.68,20,2024-12-21,Credit Card,unknown,2699.23,INVALID_ORDER_STATUS
15562,15273,William Brown,william.brown15273@example.com,23,Denver,CO,Clothing,Sneakers,1,1470.55,15,,Bank Transfer,Processing,1249.97,INVALID_ORDER_DATE
92737,17480,Robert Garcia,robert.garcia17480@example.com,78,Seattle,WA,Home,Desk Lamp,4,335.21,15,,Credit Card,Completed,1139.71,INVALID_ORDER_DATE
73041,17833,James Jackson,james.jackson17833@example.com,56,Austin,TX,Clothing,Sneakers,2,288.62,5,,Debit Card,Shipped,548.38,INVALID_ORDER_DATE
57771,3839,Thomas Johnson,thomas.johnson3839@example.com,33,Atlanta,GA,Clothing,Sneakers,3,427.2,15,2025-05-25,Credit Card,unknown,1089.36,INVALID_ORDER_STATUS
68676,14566,Joseph Brown,joseph.brown14566@example.com,52,Dallas,TX,Home,Desk Lamp,1,188.1,10,,Apple Pay,Processing,169.29,INVALID_ORDER_DATE
86036,16749,William Smith,william.smith16749@example.com,55,Los Angeles,CA,Electronics,Smartphone,1,1335.63,0,,Bank Transfer,Returned,1335.63,INVALID_ORDER_DATE
74250,13766,Evelyn Smith,evelyn.smith13766@example.com,71,Miami,FL,Sports,Yoga Mat,5,173.06,0,2024-10-08,Bank Transfer,unknown,865.3,INVALID_ORDER_STATUS
81606,15675,Harper Williams,harper.williams15675@example.com,53,Atlanta,GA,Sports,Dumbbells,5,553.47,20,,Apple Pay,Cancelled,2213.88,INVALID_ORDER_DATE
74415,7034,Sophia Taylor,sophia.taylor7034@example.com,73,Los Angeles,CA,Electronics,Headphones,1,1219.4,20,2024-06-18,Debit Card,unknown,975.52,INVALID_ORDER_STATUS
79782,4020,Mike Miller,mike.miller4020@example.com,79,San Diego,CA,Electronics,Smartphone,2,646.55,20,,Debit Card,Processing,1034.48,INVALID_ORDER_DATE
29656,9869,James Johnson,james.johnson9869@example.com,61,Chicago,IL,Sports,Running Shoes,5,1214.16,0,,Apple Pay,Shipped,6070.8,INVALID_ORDER_DATE
44865,14151,Robert Anderson,robert.anderson14151@example.com,72,Phoenix,AZ,Electronics,Monitor,1,684.62,0,,Credit Card,Completed,684.62,INVALID_ORDER_DATE
96773,11994,Mike Williams,mike.williams11994@example.com,67,San Diego,CA,Home,Vacuum,3,1015.26,5,2024-10-19,Bank Transfer,unknown,2893.49,INVALID_ORDER_STATUS
43994,6790,Harper Lee,harper.lee6790@example.com,64,San Antonio,TX,Clothing,T-Shirt,2,677.57,15,2024-06-30,PayPal,unknown,1151.87,INVALID_ORDER_STATUS
33822,4170,Evelyn Miller,evelyn.miller4170@example.com,66,Houston,TX,Electronics,Laptop,1,576.65,0,,Credit Card,Completed,576.65,INVALID_ORDER_DATE
75993,10886,James Johnson,james.johnson10886@example.com,54,Dallas,TX,Books,Data Engineering 101,1,1235.12,10,,Debit Card,Processing,1111.61,INVALID_ORDER_DATE
79953,8440,Emma Anderson,emma.anderson8440@example.com,60,Atlanta,GA,Clothing,Jeans,1,285.19,15,,Debit Card,Shipped,242.41,INVALID_ORDER_DATE
26615,4102,Sophia Rodriguez,sophia.rodriguez4102@example.com,46,Boston,MA,Clothing,Hoodie,1,697.96,0,,Apple Pay,Processing,697.96,INVALID_ORDER_DATE
38587,2224,Sophia Garcia,sophia.garcia2224@example.com,69,Boston,MA,Home,Air Purifier,2,739.1,5,,Bank Transfer,Completed,1404.29,INVALID_ORDER_DATE
39152,1139,John Miller,john.miller1139@example.com,34,Phoenix,AZ,Books,SQL Handbook,1,123.6,0,,Bank Transfer,Completed,123.6,INVALID_ORDER_DATE
6434,14201,Emma Rodriguez,emma.rodriguez14201@example.com,18,Seattle,WA,Sports,Water Bottle,4,763.02,0,,Apple Pay,Processing,3052.08,INVALID_ORDER_DATE
53540,8967,David Jackson,david.jackson8967@example.com,71,Denver,CO,Books,Analytics Guide,2,286.88,10,,PayPal,Shipped,516.38,INVALID_ORDER_DATE
88815,6664,Emma Perez,emma.perez6664@example.com,51,Denver,CO,Books,Analytics Guide,3,467.06,0,,PayPal,Shipped,1401.18,INVALID_ORDER_DATE
56511,9554,Robert Davis,robert.davis9554@example.com,43,Dallas,TX,Home,Vacuum,4,642.56,0,,Credit Card,Completed,2570.24,INVALID_ORDER_DATE
3752,9903,Harper Davis,harper.davis9903@example.com,30,Phoenix,AZ,Books,SQL Handbook,5,570.7,15,,Debit Card,Shipped,2425.48,INVALID_ORDER_DATE
91162,6137,David Anderson,david.anderson6137@example.com,21,Chicago,IL,Books,Analytics Guide,2,1484.89,0,,Debit Card,Completed,2969.78,INVALID_ORDER_DATE
5091,6164,Joseph Martinez,joseph.martinez6164@example.com,31,Dallas,TX,Home,Vacuum,4,1145.79,0,,Debit Card,Completed,4583.16,INVALID_ORDER_DATE
92516,8242,Joseph Jackson,joseph.jackson8242@example.com,40,Los Angeles,CA,Electronics,Keyboard,5,1142.08,15,,Apple Pay,Completed,4853.84,INVALID_ORDER_DATE
49978,6086,Mike Anderson,mike.anderson6086@example.com,57,Miami,FL,Sports,Running Shoes,2,836.91,0,,PayPal,Completed,1673.82,INVALID_ORDER_DATE
95805,14462,Emma Smith,emma.smith14462@example.com,18,Seattle,WA,Home,Coffee Maker,2,940.03,0,,Apple Pay,Completed,1880.06,INVALID_ORDER_DATE
17710,2927,Harper Moore,harper.moore2927@example.com,33,Phoenix,AZ,Sports,Water Bottle,2,1430.37,0,2024-10-09,Credit Card,unknown,2860.74,INVALID_ORDER_STATUS
2227,2966,Harper Johnson,harper.johnson2966@example.com,31,Dallas,TX,Clothing,Hoodie,1,434.48,15,,Credit Card,Completed,369.31,INVALID_ORDER_DATE
4766,16677,Amelia Moore,amelia.moore16677@example.com,37,San Diego,CA,Books,Data Engineering 101,5,673.09,15,2024-03-20,Credit Card,unknown,2860.63,INVALID_ORDER_STATUS
65954,9131,Thomas Garcia,thomas.garcia9131@example.com,71,Los Angeles,CA,Books,Python Basics,2,571.87,5,,Bank Transfer,Completed,1086.55,INVALID_ORDER_DATE
74360,8356,Sophia Thompson,sophia.thompson8356@example.com,35,New York,NY,Clothing,T-Shirt,4,1333.68,0,2025-06-04,Debit Card,unknown,5334.72,INVALID_ORDER_STATUS
42686,11068,Sophia Perez,sophia.perez11068@example.com,64,Austin,TX,Books,Python Basics,1,1297.15,0,,Bank Transfer,Completed,1297.15,INVALID_ORDER_DATE
88148,3968,Ava Davis,ava.davis3968@example.com,56,Seattle,WA,Electronics,Keyboard,3,1133.39,20,,Apple Pay,Processing,2720.14,INVALID_ORDER_DATE
9702,8106,Joseph Martinez,joseph.martinez8106@example.com,43,Atlanta,GA,Clothing,T-Shirt,4,1135.86,5,,Apple Pay,Completed,4316.27,INVALID_ORDER_DATE
6127,15452,Joseph Smith,joseph.smith15452@example.com,56,Dallas,TX,Clothing,Jacket,2,1301.51,0,,Credit Card,Shipped,2603.02,INVALID_ORDER_DATE
17040,11950,Olivia Rodriguez,olivia.rodriguez11950@example.com,45,Philadelphia,PA,Books,Analytics Guide,2,885.71,15,,PayPal,Processing,1505.71,INVALID_ORDER_DATE
29233,1673,Robert Jones,robert.jones1673@example.com,57,Los Angeles,CA,Electronics,Smartphone,5,280.54,20,,Debit Card,Completed,1122.16,INVALID_ORDER_DATE
56208,9102,Thomas Moore,thomas.moore9102@example.com,79,Boston,MA,Sports,Yoga Mat,5,410.97,0,,PayPal,Shipped,2054.85,INVALID_ORDER_DATE
82780,16305,Harper Jones,harper.jones16305@example.com,77,Phoenix,AZ,Home,Air Purifier,5,771.47,5,,Bank Transfer,Processing,3664.48,INVALID_ORDER_DATE
72871,7127,Evelyn Davis,evelyn.davis7127@example.com,23,Seattle,WA,Home,Vacuum,1,135.97,10,,PayPal,Completed,122.37,INVALID_ORDER_DATE
44854,4594,Charles Garcia,charles.garcia4594@example.com,24,Atlanta,GA,Home,Air Purifier,1,1017.35,10,,Apple Pay,Completed,915.62,INVALID_ORDER_DATE
46810,13014,James Miller,james.miller13014@example.com,18,Philadelphia,PA,Home,Desk Lamp,1,1371.27,5,2025-07-10,Credit Card,unknown,1302.71,INVALID_ORDER_STATUS
18581,5614,David Anderson,david.anderson5614@example.com,75,Miami,FL,Sports,Tennis Racket,4,1383.08,10,,Credit Card,Completed,4979.09,INVALID_ORDER_DATE
44560,16199,Olivia Thompson,olivia.thompson16199@example.com,63,Phoenix,AZ,Electronics,Monitor,2,1202.69,0,2024-10-03,Bank Transfer,unknown,2405.38,INVALID_ORDER_STATUS
69106,7969,Harper Davis,harper.davis7969@example.com,32,Phoenix,AZ,Books,Analytics Guide,3,1166.69,0,2025-08-24,Credit Card,unknown,3500.07,INVALID_ORDER_STATUS
67059,17982,Harper Martin,harper.martin17982@example.com,71,Phoenix,AZ,Books,Python Basics,2,1143.84,0,2024-06-24,Apple Pay,unknown,2287.68,INVALID_ORDER_STATUS
4105,8781,William Johnson,william.johnson8781@example.com,26,San Diego,CA,Home,Coffee Maker,3,639.22,20,2026-01-11,Debit Card,unknown,1534.13,INVALID_ORDER_STATUS
6884,11792,Ava Rodriguez,ava.rodriguez11792@example.com,68,Austin,TX,Books,Data Engineering 101,2,404.26,0,,Apple Pay,Shipped,808.52,INVALID_ORDER_DATE
51837,12959,William Jones,william.jones12959@example.com,74,San Diego,CA,Electronics,Monitor,5,579.59,20,,PayPal,Shipped,2318.36,INVALID_ORDER_DATE
52186,9546,Amelia Williams,amelia.williams9546@example.com,32,Denver,CO,Electronics,Laptop,4,587.84,0,,Apple Pay,Cancelled,2351.36,INVALID_ORDER_DATE
38004,17011,Isabella Williams,isabella.williams17011@example.com,70,Philadelphia,PA,Clothing,Sneakers,5,100.88,0,2025-01-27,Apple Pay,unknown,504.4,INVALID_ORDER_STATUS
7960,6383,Sophia Taylor,sophia.taylor6383@example.com,67,Denver,CO,Home,Desk Lamp,2,662.48,5,,Credit Card,Shipped,1258.71,INVALID_ORDER_DATE
76453,8763,Ava Jones,ava.jones8763@example.com,57,Austin,TX,Clothing,Jeans,5,680.19,0,2024-05-06,Credit Card,unknown,3400.95,INVALID_ORDER_STATUS
52785,10075,Olivia Jones,olivia.jones10075@example.com,79,Phoenix,AZ,Home,Desk Lamp,1,1275.77,10,,PayPal,Cancelled,1148.19,INVALID_ORDER_DATE
29312,4882,Charles Anderson,charles.anderson4882@example.com,38,Los Angeles,CA,Home,Vacuum,1,75.49,0,2025-04-06,Debit Card,unknown,75.49,INVALID_ORDER_STATUS
10043,17128,Evelyn Brown,evelyn.brown17128@example.com,58,Los Angeles,CA,Sports,Dumbbells,3,1013.26,0,,PayPal,Completed,3039.78,INVALID_ORDER_DATE
89812,11405,Amelia Anderson,amelia.anderson11405@example.com,22,San Diego,CA,Sports,Dumbbells,4,221.58,0,2026-05-27,Debit Card,unknown,886.32,INVALID_ORDER_STATUS
94783,8514,James Martinez,james.martinez8514@example.com,65,Phoenix,AZ,Electronics,Laptop,1,919.94,15,,Bank Transfer,Completed,781.95,INVALID_ORDER_DATE
97589,13596,Evelyn Brown,evelyn.brown13596@example.com,26,Boston,MA,Home,Blender,4,1419.95,5,,Bank Transfer,Shipped,5395.81,INVALID_ORDER_DATE
41298,9135,Joseph Johnson,joseph.johnson9135@example.com,74,Miami,FL,Books,Data Engineering 101,1,1313.6,0,2026-03-06,Credit Card,unknown,1313.6,INVALID_ORDER_STATUS
52868,1214,James Davis,james.davis1214@example.com,55,Austin,TX,Clothing,Hoodie,5,1311.5,20,,Debit Card,Cancelled,5246.0,INVALID_ORDER_DATE
26796,7024,Thomas Smith,thomas.smith7024@example.com,20,Houston,TX,Home,Blender,2,900.61,0,,Debit Card,Completed,1801.22,INVALID_ORDER_DATE
55409,16789,Daniel Wilson,daniel.wilson16789@example.com,41,Philadelphia,PA,Clothing,Jacket,3,58.46,20,,Bank Transfer,Completed,140.3,INVALID_ORDER_DATE
72589,15217,Sarah Martin,sarah.martin15217@example.com,64,New York,NY,Electronics,Monitor,4,1299.05,10,,Credit Card,Completed,4676.58,INVALID_ORDER_DATE
53132,9379,Joseph Anderson,joseph.anderson9379@example.com,33,Phoenix,AZ,Books,Cloud Fundamentals,1,625.99,0,,Debit Card,Processing,625.99,INVALID_ORDER_DATE
82647,16705,David Garcia,david.garcia16705@example.com,27,Dallas,TX,Books,SQL Handbook,1,544.85,0,,Apple Pay,Cancelled,544.85,INVALID_ORDER_DATE
22830,3638,Harper Rodriguez,harper.rodriguez3638@example.com,78,Denver,CO,Home,Air Purifier,5,527.0,0,,Apple Pay,Completed,2635.0,INVALID_ORDER_DATE
15843,10453,Sarah Jackson,sarah.jackson10453@example.com,41,Austin,TX,Home,Desk Lamp,1,502.14,0,,Bank Transfer,Completed,502.14,INVALID_ORDER_DATE
36091,1421,Evelyn Garcia,evelyn.garcia1421@example.com,30,Denver,CO,Books,Cloud Fundamentals,4,389.8,0,,PayPal,Completed,1559.2,INVALID_ORDER_DATE
18216,17424,Emma Miller,emma.miller17424@example.com,19,San Antonio,TX,Books,SQL Handbook,3,65.09,0,,PayPal,Cancelled,195.27,INVALID_ORDER_DATE
86694,6361,Robert Rodriguez,robert.rodriguez6361@example.com,25,Philadelphia,PA,Sports,Tennis Racket,3,1237.92,0,,Debit Card,Returned,3713.76,INVALID_ORDER_DATE
71666,3306,John Davis,john.davis3306@example.com,51,Chicago,IL,Books,Cloud Fundamentals,2,517.93,0,,Debit Card,Shipped,1035.86,INVALID_ORDER_DATE
29408,9298,Daniel Taylor,daniel.taylor9298@example.com,32,Seattle,WA,Sports,Running Shoes,1,1410.4,0,,Debit Card,Processing,1410.4,INVALID_ORDER_DATE
33910,5436,James Anderson,james.anderson5436@example.com,50,Miami,FL,Home,Blender,1,284.76,15,2024-10-29,Apple Pay,unknown,242.05,INVALID_ORDER_STATUS
77632,9889,Harper Perez,harper.perez9889@example.com,57,Houston,TX,Sports,Water Bottle,5,94.91,5,2025-04-28,PayPal,unknown,450.82,INVALID_ORDER_STATUS
94426,15410,Harper Rodriguez,harper.rodriguez15410@example.com,75,Austin,TX,Electronics,Laptop,4,496.52,10,,Debit Card,Cancelled,1787.47,INVALID_ORDER_DATE
29696,4870,Olivia Williams,olivia.williams4870@example.com,31,Denver,CO,Sports,Running Shoes,5,215.89,15,,PayPal,Returned,917.53,INVALID_ORDER_DATE
42551,17921,Isabella Brown,isabella.brown17921@example.com,24,Chicago,IL,Clothing,Sneakers,4,901.82,0,,Credit Card,Completed,3607.28,INVALID_ORDER_DATE
46589,12579,Robert Lee,robert.lee12579@example.com,57,Denver,CO,Clothing,Hoodie,1,387.0,10,,Apple Pay,Returned,348.3,INVALID_ORDER_DATE
18398,4474,Mia Thompson,mia.thompson4474@example.com,46,Philadelphia,PA,Clothing,Sneakers,2,108.89,0,,Bank Transfer,Cancelled,217.78,INVALID_ORDER_DATE
18512,16546,Daniel Miller,daniel.miller16546@example.com,47,Dallas,TX,Clothing,Hoodie,3,939.27,20,,Credit Card,Shipped,2254.25,INVALID_ORDER_DATE
13385,5565,Daniel Garcia,daniel.garcia5565@example.com,20,Atlanta,GA,Home,Blender,5,452.42,5,,PayPal,Completed,2149.0,INVALID_ORDER_DATE
88966,9921,Robert Brown,robert.brown9921@example.com,48,San Diego,CA,Sports,Dumbbells,4,1138.64,10,,Bank Transfer,Cancelled,4099.1,INVALID_ORDER_DATE
78357,2289,Amelia Thomas,amelia.thomas2289@example.com,77,Los Angeles,CA,Sports,Running Shoes,5,1208.54,20,,Debit Card,Processing,4834.16,INVALID_ORDER_DATE
34918,17647,William Martinez,william.martinez17647@example.com,44,Phoenix,AZ,Clothing,T-Shirt,1,218.54,20,2025-09-24,Apple Pay,unknown,174.83,INVALID_ORDER_STATUS
43723,14691,Mike Taylor,mike.taylor14691@example.com,66,Dallas,TX,Books,Cloud Fundamentals,4,1332.05,20,,Bank Transfer,Returned,4262.56,INVALID_ORDER_DATE
45582,1081,Mia Brown,mia.brown1081@example.com,77,Philadelphia,PA,Sports,Tennis Racket,5,234.41,0,,Apple Pay,Shipped,1172.05,INVALID_ORDER_DATE
60192,4961,Charles Thompson,charles.thompson4961@example.com,60,Dallas,TX,Books,Analytics Guide,1,1071.03,0,,PayPal,Shipped,1071.03,INVALID_ORDER_DATE
67383,7921,James Rodriguez,james.rodriguez7921@example.com,32,Chicago,IL,Books,Python Basics,3,1279.96,0,,Credit Card,Completed,3839.88,INVALID_ORDER_DATE
62075,9849,David Taylor,david.taylor9849@example.com,32,Denver,CO,Clothing,Hoodie,1,108.16,20,,Credit Card,Completed,86.53,INVALID_ORDER_DATE
70952,17461,Mike Jackson,mike.jackson17461@example.com,70,San Antonio,TX,Clothing,Hoodie,4,406.56,10,,Credit Card,Completed,1463.62,INVALID_ORDER_DATE
13855,2172,Daniel Anderson,daniel.anderson2172@example.com,36,Chicago,IL,Books,Cloud Fundamentals,4,1258.8,10,,Bank Transfer,Completed,4531.68,INVALID_ORDER_DATE
25879,6461,David Garcia,david.garcia6461@example.com,36,Philadelphia,PA,Clothing,Jeans,1,253.52,5,,Debit Card,Completed,240.84,INVALID_ORDER_DATE
69267,13614,Sophia Rodriguez,sophia.rodriguez13614@example.com,27,Dallas,TX,Books,Cloud Fundamentals,2,1080.84,0,,Bank Transfer,Cancelled,2161.68,INVALID_ORDER_DATE
64907,5442,Daniel Wilson,daniel.wilson5442@example.com,18,Boston,MA,Clothing,T-Shirt,5,321.07,0,,Credit Card,Completed,1605.35,INVALID_ORDER_DATE
90364,5543,Isabella Lee,isabella.lee5543@example.com,72,Austin,TX,Sports,Yoga Mat,3,34.2,15,2024-06-24,Debit Card,unknown,87.21,INVALID_ORDER_STATUS
49443,7640,Isabella Jones,isabella.jones7640@example.com,41,Chicago,IL,Electronics,Smartphone,2,764.5,10,,Debit Card,Cancelled,1376.1,INVALID_ORDER_DATE
60934,9086,Sarah Williams,sarah.williams9086@example.com,74,Philadelphia,PA,Books,Cloud Fundamentals,2,1063.45,10,,Debit Card,Completed,1914.21,INVALID_ORDER_DATE
64473,1262,Daniel Garcia,daniel.garcia1262@example.com,76,Dallas,TX,Clothing,T-Shirt,3,1239.77,10,,PayPal,Completed,3347.38,INVALID_ORDER_DATE
39873,3614,James Williams,james.williams3614@example.com,57,San Antonio,TX,Electronics,Monitor,3,664.93,0,,PayPal,Cancelled,1994.79,INVALID_ORDER_DATE
53512,12142,Sarah Anderson,sarah.anderson12142@example.com,31,Dallas,TX,Sports,Dumbbells,1,1285.38,0,,Apple Pay,Cancelled,1285.38,INVALID_ORDER_DATE
68914,14877,Sarah Davis,sarah.davis14877@example.com,48,Denver,CO,Sports,Yoga Mat,2,47.39,5,2025-07-14,Apple Pay,unknown,90.04,INVALID_ORDER_STATUS
1827,12809,James Thomas,james.thomas12809@example.com,79,Dallas,TX,Clothing,T-Shirt,1,513.73,5,,PayPal,Completed,488.04,INVALID_ORDER_DATE
95302,3748,Ava Martin,ava.martin3748@example.com,68,Chicago,IL,Books,Python Basics,5,654.03,0,,PayPal,Completed,3270.15,INVALID_ORDER_DATE
14096,9767,Harper Thomas,harper.thomas9767@example.com,44,Dallas,TX,Electronics,Monitor,4,288.54,5,,Apple Pay,Completed,1096.45,INVALID_ORDER_DATE
34560,9609,Sarah Miller,sarah.miller9609@example.com,53,Atlanta,GA,Home,Coffee Maker,1,1011.13,10,,PayPal,Cancelled,910.02,INVALID_ORDER_DATE
81809,13355,Robert Garcia,robert.garcia13355@example.com,78,Atlanta,GA,Home,Air Purifier,2,9.48,0,,Bank Transfer,Cancelled,18.96,INVALID_ORDER_DATE
88455,2532,Amelia Moore,amelia.moore2532@example.com,61,Chicago,IL,Electronics,Monitor,2,202.48,0,,Credit Card,Completed,404.96,INVALID_ORDER_DATE
475,3127,Ava Jackson,ava.jackson3127@example.com,26,Los Angeles,CA,Sports,Tennis Racket,5,625.33,0,,Debit Card,Processing,3126.65,INVALID_ORDER_DATE
24222,14026,Amelia Rodriguez,amelia.rodriguez14026@example.com,56,Boston,MA,Home,Coffee Maker,1,1063.13,10,,Apple Pay,Completed,956.82,INVALID_ORDER_DATE
39096,11983,Joseph Martinez,joseph.martinez11983@example.com,57,Philadelphia,PA,Home,Vacuum,3,424.19,10,2024-06-03,Debit Card,unknown,1145.31,INVALID_ORDER_STATUS
63097,2039,Joseph Martinez,joseph.martinez2039@example.com,40,Atlanta,GA,Sports,Tennis Racket,2,533.0,0,,Apple Pay,Cancelled,1066.0,INVALID_ORDER_DATE
42289,14704,Daniel Wilson,daniel.wilson14704@example.com,51,Denver,CO,Clothing,T-Shirt,3,792.42,0,,Debit Card,Processing,2377.26,INVALID_ORDER_DATE
69664,8185,James Martin,james.martin8185@example.com,71,Chicago,IL,Sports,Water Bottle,5,1416.28,0,,Bank Transfer,Completed,7081.4,INVALID_ORDER_DATE
71514,8511,Emma Jones,emma.jones8511@example.com,70,Denver,CO,Books,Python Basics,4,871.27,0,,Debit Card,Completed,3485.08,INVALID_ORDER_DATE
27985,11205,Sophia Thomas,sophia.thomas11205@example.com,35,Dallas,TX,Home,Desk Lamp,2,254.48,20,,Apple Pay,Returned,407.17,INVALID_ORDER_DATE
95190,15898,Daniel Williams,daniel.williams15898@example.com,43,Chicago,IL,Clothing,Hoodie,1,677.08,20,,Apple Pay,Completed,541.66,INVALID_ORDER_DATE
74604,9803,Isabella Rodriguez,isabella.rodriguez9803@example.com,64,Houston,TX,Books,Analytics Guide,1,1007.59,10,,Apple Pay,Completed,906.83,INVALID_ORDER_DATE
85825,5434,Mike Lee,mike.lee5434@example.com,38,San Antonio,TX,Electronics,Monitor,2,1156.64,15,2025-05-02,Debit Card,unknown,1966.29,INVALID_ORDER_STATUS
13771,10415,Ava Davis,ava.davis10415@example.com,36,Houston,TX,Clothing,Jeans,4,1105.14,0,,Apple Pay,Cancelled,4420.56,INVALID_ORDER_DATE
75944,1920,Evelyn Brown,evelyn.brown1920@example.com,77,Chicago,IL,Electronics,Keyboard,1,706.15,0,,Bank Transfer,Processing,706.15,INVALID_ORDER_DATE
30032,16083,Daniel Thompson,daniel.thompson16083@example.com,36,San Diego,CA,Clothing,Sneakers,4,980.3,15,,Debit Card,Shipped,3333.02,INVALID_ORDER_DATE
79316,9683,William Martin,william.martin9683@example.com,35,Miami,FL,Home,Air Purifier,3,1446.93,0,2026-05-31,PayPal,unknown,4340.79,INVALID_ORDER_STATUS
50461,5160,Sophia Thompson,sophia.thompson5160@example.com,79,Los Angeles,CA,Books,Python Basics,3,336.8,0,2025-12-08,Bank Transfer,unknown,1010.4,INVALID_ORDER_STATUS
92678,5569,William Martin,william.martin5569@example.com,32,Los Angeles,CA,Sports,Water Bottle,3,122.63,15,,Apple Pay,Completed,312.71,INVALID_ORDER_DATE
49964,7108,Robert Jackson,robert.jackson7108@example.com,76,Dallas,TX,Sports,Tennis Racket,1,1364.99,0,,Credit Card,Returned,1364.99,INVALID_ORDER_DATE
24089,8527,Amelia Rodriguez,amelia.rodriguez8527@example.com,70,Chicago,IL,Sports,Yoga Mat,5,714.22,10,,Credit Card,Cancelled,3213.99,INVALID_ORDER_DATE
12662,15383,Daniel Anderson,daniel.anderson15383@example.com,57,Houston,TX,Electronics,Monitor,3,1222.61,0,2024-10-13,Apple Pay,unknown,3667.83,INVALID_ORDER_STATUS
18709,13768,Ava Thomas,ava.thomas13768@example.com,30,Atlanta,GA,Books,Data Engineering 101,4,920.84,15,,Bank Transfer,Completed,3130.86,INVALID_ORDER_DATE
47821,16210,Robert Jackson,robert.jackson16210@example.com,27,Denver,CO,Electronics,Smartphone,1,1367.83,0,2025-12-01,PayPal,unknown,1367.83,INVALID_ORDER_STATUS
1165,7573,Sophia Anderson,sophia.anderson7573@example.com,59,Seattle,WA,Electronics,Smartphone,4,1129.71,10,,Credit Card,Processing,4066.96,INVALID_ORDER_DATE
9592,9700,Thomas Davis,thomas.davis9700@example.com,24,Philadelphia,PA,Books,Analytics Guide,1,1238.32,0,,Debit Card,Shipped,1238.32,INVALID_ORDER_DATE
21604,2725,David Thompson,david.thompson2725@example.com,47,Denver,CO,Sports,Water Bottle,2,15.44,20,,Debit Card,Completed,24.7,INVALID_ORDER_DATE
3815,15150,William Brown,william.brown15150@example.com,43,Austin,TX,Electronics,Headphones,4,1272.27,5,,PayPal,Processing,4834.63,INVALID_ORDER_DATE
40179,13032,Joseph Taylor,joseph.taylor13032@example.com,79,San Antonio,TX,Clothing,Jeans,3,612.95,0,,Debit Card,Completed,1838.85,INVALID_ORDER_DATE
32187,10525,Evelyn Thomas,evelyn.thomas10525@example.com,79,Dallas,TX,Sports,Water Bottle,3,1236.9,0,2025-05-03,Bank Transfer,unknown,3710.7,INVALID_ORDER_STATUS
84339,16265,Mia Smith,mia.smith16265@example.com,59,Miami,FL,Home,Coffee Maker,4,1070.12,15,2026-04-03,Credit Card,unknown,3638.41,INVALID_ORDER_STATUS
59929,11580,Mia Smith,mia.smith11580@example.com,36,Los Angeles,CA,Clothing,Jeans,1,1049.98,10,,Credit Card,Returned,944.98,INVALID_ORDER_DATE
97645,6146,James Miller,james.miller6146@example.com,69,Los Angeles,CA,Sports,Dumbbells,1,495.98,0,,Apple Pay,Completed,495.98,INVALID_ORDER_DATE
23761,16651,Sarah Martin,sarah.martin16651@example.com,68,Los Angeles,CA,Sports,Water Bottle,4,1107.0,10,,Bank Transfer,Completed,3985.2,INVALID_ORDER_DATE
32757,14402,Daniel Moore,daniel.moore14402@example.com,46,Chicago,IL,Electronics,Laptop,2,546.28,10,,Apple Pay,Processing,983.3,INVALID_ORDER_DATE
23434,5889,Sarah Anderson,sarah.anderson5889@example.com,59,Austin,TX,Home,Desk Lamp,1,1183.05,0,2024-07-31,Debit Card,unknown,1183.05,INVALID_ORDER_STATUS
79599,8276,Mia Lee,mia.lee8276@example.com,31,Miami,FL,Books,Cloud Fundamentals,2,711.88,0,,Bank Transfer,Completed,1423.76,INVALID_ORDER_DATE
41921,10824,David Rodriguez,david.rodriguez10824@example.com,27,Seattle,WA,Home,Desk Lamp,2,1327.23,0,,Apple Pay,Returned,2654.46,INVALID_ORDER_DATE
80528,5143,Evelyn Brown,evelyn.brown5143@example.com,38,Houston,TX,Electronics,Keyboard,2,1064.16,5,,PayPal,Cancelled,2021.9,INVALID_ORDER_DATE
78317,10793,Sophia Moore,sophia.moore10793@example.com,25,Chicago,IL,Home,Air Purifier,3,1128.36,5,,Credit Card,Returned,3215.83,INVALID_ORDER_DATE
22899,5332,Isabella Jackson,isabella.jackson5332@example.com,72,Denver,CO,Books,SQL Handbook,1,1254.27,5,,Apple Pay,Shipped,1191.56,INVALID_ORDER_DATE
64738,3347,Isabella Jackson,isabella.jackson3347@example.com,62,Atlanta,GA,Clothing,Sneakers,5,1476.99,20,,Bank Transfer,Returned,5907.96,INVALID_ORDER_DATE
81390,13210,Daniel Davis,daniel.davis13210@example.com,80,New York,NY,Home,Vacuum,3,566.03,10,,Bank Transfer,Shipped,1528.28,INVALID_ORDER_DATE
63401,12841,Isabella Thompson,isabella.thompson12841@example.com,53,Phoenix,AZ,Electronics,Laptop,5,1447.94,5,,PayPal,Returned,6877.72,INVALID_ORDER_DATE
21950,11810,Mike Martin,mike.martin11810@example.com,29,Boston,MA,Books,Python Basics,2,1210.08,15,,Bank Transfer,Completed,2057.14,INVALID_ORDER_DATE
42976,1535,Olivia Williams,olivia.williams1535@example.com,70,San Antonio,TX,Clothing,Jeans,2,1138.38,0,,PayPal,Completed,2276.76,INVALID_ORDER_DATE
58925,7128,Amelia Perez,amelia.perez7128@example.com,69,Dallas,TX,Home,Vacuum,2,1390.09,5,,Bank Transfer,Cancelled,2641.17,INVALID_ORDER_DATE
67719,1417,Thomas Moore,thomas.moore1417@example.com,56,San Diego,CA,Home,Vacuum,5,1034.15,0,,Apple Pay,Shipped,5170.75,INVALID_ORDER_DATE
65124,8243,Harper Miller,harper.miller8243@example.com,50,Phoenix,AZ,Electronics,Smartphone,5,764.17,0,,Bank Transfer,Processing,3820.85,INVALID_ORDER_DATE
78411,9802,David Jones,david.jones9802@example.com,44,Los Angeles,CA,Books,Cloud Fundamentals,4,285.5,0,,Credit Card,Completed,1142.0,INVALID_ORDER_DATE
63668,7103,Thomas Jones,thomas.jones7103@example.com,41,New York,NY,Electronics,Keyboard,2,364.59,0,2026-01-23,Apple Pay,unknown,729.18,INVALID_ORDER_STATUS
55769,5232,Isabella Brown,isabella.brown5232@example.com,71,Austin,TX,Clothing,Jacket,5,325.99,0,,Debit Card,Completed,1629.95,INVALID_ORDER_DATE
25184,13560,John Perez,john.perez13560@example.com,79,Philadelphia,PA,Clothing,Hoodie,1,647.52,20,,Debit Card,Cancelled,518.02,INVALID_ORDER_DATE
7863,15569,Sarah Martin,sarah.martin15569@example.com,58,Houston,TX,Sports,Tennis Racket,4,1275.41,0,,Credit Card,Completed,5101.64,INVALID_ORDER_DATE
42868,16193,Mike Rodriguez,mike.rodriguez16193@example.com,72,Boston,MA,Sports,Yoga Mat,4,812.33,0,2024-02-23,Apple Pay,unknown,3249.32,INVALID_ORDER_STATUS
17902,17718,Ava Davis,ava.davis17718@example.com,45,Atlanta,GA,Sports,Tennis Racket,1,939.66,5,2024-04-17,Bank Transfer,unknown,892.68,INVALID_ORDER_STATUS
14992,1957,Amelia Garcia,amelia.garcia1957@example.com,58,Seattle,WA,Books,Data Engineering 101,1,938.44,15,2025-10-28,Bank Transfer,unknown,797.67,INVALID_ORDER_STATUS
87908,1000,John Brown,john.brown1000@example.com,18,Chicago,IL,Clothing,Jacket,3,152.61,5,,Apple Pay,Completed,434.94,INVALID_ORDER_DATE
81221,9985,John Johnson,john.johnson9985@example.com,31,Dallas,TX,Books,Python Basics,2,255.33,0,,Debit Card,Shipped,510.66,INVALID_ORDER_DATE
19532,17982,Sarah Johnson,sarah.johnson17982@example.com,28,Chicago,IL,Books,Cloud Fundamentals,3,553.42,0,2024-05-11,Debit Card,unknown,1660.26,INVALID_ORDER_STATUS
764,13377,Emma Rodriguez,emma.rodriguez13377@example.com,22,Philadelphia,PA,Electronics,Monitor,2,721.02,15,,Credit Card,Completed,1225.73,INVALID_ORDER_DATE
84360,7283,Ava Rodriguez,ava.rodriguez7283@example.com,71,Seattle,WA,Home,Air Purifier,5,903.91,5,,Credit Card,Shipped,4293.57,INVALID_ORDER_DATE
84048,2046,John Thomas,john.thomas2046@example.com,66,Atlanta,GA,Home,Desk Lamp,2,491.64,0,,Bank Transfer,Completed,983.28,INVALID_ORDER_DATE
682,2699,James Davis,james.davis2699@example.com,66,Austin,TX,Clothing,Jeans,4,766.86,10,,Credit Card,Completed,2760.7,INVALID_ORDER_DATE
6458,8134,Charles Anderson,charles.anderson8134@example.com,78,Austin,TX,Sports,Running Shoes,5,1261.95,5,,Credit Card,Shipped,5994.26,INVALID_ORDER_DATE
26583,10651,Sophia Garcia,sophia.garcia10651@example.com,21,Miami,FL,Books,Data Engineering 101,1,101.87,0,2025-07-24,Debit Card,unknown,101.87,INVALID_ORDER_STATUS
30732,1336,Sarah Rodriguez,sarah.rodriguez1336@example.com,62,Houston,TX,Home,Coffee Maker,4,1320.99,5,,Debit Card,Completed,5019.76,INVALID_ORDER_DATE
64578,3666,Amelia Thomas,amelia.thomas3666@example.com,35,Austin,TX,Books,Python Basics,3,149.51,20,2025-12-25,Bank Transfer,unknown,358.82,INVALID_ORDER_STATUS
62931,6605,Robert Thomas,robert.thomas6605@example.com,56,Dallas,TX,Electronics,Monitor,2,343.25,5,,Bank Transfer,Returned,652.17,INVALID_ORDER_DATE
9583,4518,Olivia Davis,olivia.davis4518@example.com,39,Denver,CO,Clothing,Jacket,2,1150.57,0,2026-06-03,Bank Transfer,unknown,2301.14,INVALID_ORDER_STATUS
69861,1964,John Lee,john.lee1964@example.com,65,Denver,CO,Electronics,Headphones,4,1430.75,15,,Credit Card,Completed,4864.55,INVALID_ORDER_DATE
4669,2564,Charles Thompson,charles.thompson2564@example.com,55,Los Angeles,CA,Sports,Yoga Mat,3,1119.77,0,,PayPal,Returned,3359.31,INVALID_ORDER_DATE
63921,14301,David Garcia,david.garcia14301@example.com,62,Dallas,TX,Electronics,Laptop,2,1100.45,0,,PayPal,Cancelled,2200.9,INVALID_ORDER_DATE
41586,4628,William Lee,william.lee4628@example.com,75,Seattle,WA,Home,Desk Lamp,2,12.08,0,,Debit Card,Returned,24.16,INVALID_ORDER_DATE
69843,7311,Emma Moore,emma.moore7311@example.com,62,New York,NY,Sports,Yoga Mat,3,371.69,0,2025-04-19,Debit Card,unknown,1115.07,INVALID_ORDER_STATUS
68149,2482,Harper Miller,harper.miller2482@example.com,21,Denver,CO,Clothing,Jeans,1,764.73,5,,Apple Pay,Completed,726.49,INVALID_ORDER_DATE
56444,7684,Harper Taylor,harper.taylor7684@example.com,59,Dallas,TX,Clothing,Jeans,3,1166.98,5,2024-06-19,PayPal,unknown,3325.89,INVALID_ORDER_STATUS
13455,1962,Amelia Brown,amelia.brown1962@example.com,39,San Diego,CA,Clothing,Sneakers,4,186.3,10,,Apple Pay,Completed,670.68,INVALID_ORDER_DATE
36131,3895,James Williams,james.williams3895@example.com,31,Boston,MA,Electronics,Monitor,4,130.69,0,,Credit Card,Cancelled,522.76,INVALID_ORDER_DATE
4539,12649,Joseph Perez,joseph.perez12649@example.com,48,Los Angeles,CA,Electronics,Smartphone,5,137.21,10,2026-05-12,PayPal,unknown,617.45,INVALID_ORDER_STATUS
2757,9159,Daniel Rodriguez,daniel.rodriguez9159@example.com,55,Philadelphia,PA,Books,Python Basics,4,122.31,10,,Apple Pay,Completed,440.32,INVALID_ORDER_DATE
4805,12548,Charles Thompson,charles.thompson12548@example.com,64,Los Angeles,CA,Electronics,Keyboard,2,855.05,20,,Apple Pay,Completed,1368.08,INVALID_ORDER_DATE
61286,14275,Mike Moore,mike.moore14275@example.com,61,Boston,MA,Clothing,T-Shirt,2,694.45,0,2025-10-22,Bank Transfer,unknown,1388.9,INVALID_ORDER_STATUS
74551,6247,Sarah Davis,sarah.davis6247@example.com,55,Philadelphia,PA,Clothing,Jeans,4,391.31,5,,Debit Card,Completed,1486.98,INVALID_ORDER_DATE
47325,11204,Sarah Wilson,sarah.wilson11204@example.com,56,San Diego,CA,Sports,Running Shoes,5,387.24,15,,Apple Pay,Shipped,1645.77,INVALID_ORDER_DATE
58392,1716,Joseph Johnson,joseph.johnson1716@example.com,42,Boston,MA,Clothing,T-Shirt,4,758.74,0,2026-03-14,Debit Card,unknown,3034.96,INVALID_ORDER_STATUS
660,1975,Joseph Jones,joseph.jones1975@example.com,67,New York,NY,Clothing,T-Shirt,1,512.75,5,,Debit Card,Shipped,487.11,INVALID_ORDER_DATE
29471,16636,Olivia Anderson,olivia.anderson16636@example.com,48,Houston,TX,Home,Blender,3,1194.85,0,,PayPal,Returned,3584.55,INVALID_ORDER_DATE
44708,13876,William Martin,william.martin13876@example.com,20,Phoenix,AZ,Books,Python Basics,1,92.37,10,2025-08-19,Apple Pay,unknown,83.13,INVALID_ORDER_STATUS
18511,4541,William Martin,william.martin4541@example.com,19,Phoenix,AZ,Home,Blender,3,381.63,5,,Credit Card,Returned,1087.65,INVALID_ORDER_DATE
6415,5487,Harper Miller,harper.miller5487@example.com,36,Austin,TX,Sports,Dumbbells,5,376.4,20,,Debit Card,Shipped,1505.6,INVALID_ORDER_DATE
41688,7815,Joseph Lee,joseph.lee7815@example.com,65,Dallas,TX,Sports,Dumbbells,2,210.37,20,2026-03-28,Debit Card,unknown,336.59,INVALID_ORDER_STATUS
30741,1512,Isabella Taylor,isabella.taylor1512@example.com,37,Denver,CO,Sports,Running Shoes,2,1008.26,5,,Bank Transfer,Completed,1915.69,INVALID_ORDER_DATE
